Category,SD21_dream,SD21_lora,SD21_ti,JUGGXL_dream,JUGGXL_lora,JUGGXL_ti
person,29.743413671851158,28.77482059597969,27.39397382736206,30.653775632381443,31.06026996672153,31.10621431469917
bicycle,30.08029638230801,30.384203001856804,28.273517519235615,31.9227003455162,32.35091093182564,32.166887640953064
car,31.81788097321987,30.756797567009926,28.053718104958534,32.0000756084919,33.35856822133064,32.278442710638046
motorcycle,28.940649703145027,27.640589326620102,24.648567885160446,29.54292146861553,30.628284454345707,30.32554590702057
airplane,27.59785968065262,28.426280215382576,27.492358341813087,29.219595834612843,28.110910639166832,29.126714035868645
bus,28.87258553504944,27.596465304493904,26.394115701317787,29.17837856709957,30.607975035905838,29.906788542866707
train,28.54870367050171,28.12851920723915,27.21849843859673,29.7957504093647,29.793187841773033,29.73597353696823
truck,28.656940564513206,27.21823477745056,25.091723755002022,29.30771419405937,30.224159866571426,29.434390634298325
boat,28.68694715201855,28.8134476095438,26.58397682011128,30.018445193767544,29.89900615811348,29.78266763687134
traffic light,29.03312616050243,28.081210851669315,26.591534212231636,30.344524621963505,30.464963793754578,30.977396786212918
fire hydrant,32.46556347608566,26.5072852820158,28.70747745037079,28.51192854344845,32.11549657583237,30.427856609225273
stop sign,29.75664111971855,25.697377249598503,25.455976486206055,27.43896985054016,31.457719594240192,28.802930399775505
parking meter,30.066913157701492,24.912860557436943,24.644653126597404,26.49234792590141,32.77738279104233,28.127329662442207
bench,30.491331323981285,28.582429528236393,27.822696283459663,29.936459109187126,32.76181519031525,31.382380098104477
bird,30.39995601773262,29.982141897082325,28.17442062497139,31.21649180352688,31.481260582804683,31.166798025369648
cat,29.27894420921803,27.181252852082256,28.28142458200455,29.916794672608376,31.283283293247223,30.432736515998844
dog,29.918808490037918,28.730212882161137,26.513806760311127,30.624441385269165,31.22811035811901,30.909158289432526
horse,29.49951526522636,29.045853435993195,27.35244844853878,29.009401142597195,30.439395740628246,29.893694058060643
sheep,29.48063912987709,28.850092813372612,28.078562200069427,30.11841596662998,31.45896086096764,29.884563162922863
cow,29.429244846105572,27.919146478176117,28.47593837976456,29.91438144445419,32.25498613715172,30.898364424705505
elephant,29.033399045467377,26.42710095643997,28.522433415055275,27.285992801189423,31.36687964200974,29.832060903310776
bear,30.443730622529984,27.754745751619335,29.18432652950287,28.299752235412594,31.540142819285393,30.35290840268135
zebra,31.363083869218826,24.82993695139885,31.22010363638401,25.69731371104717,32.1750785112381,32.65189599990845
giraffe,30.84586969017982,24.747870340943336,30.029007464647293,28.40005974471569,29.206110700964928,31.463549956679344
backpack,30.305927202105522,28.94215348362923,28.060899004340172,30.748814910650253,30.808807551860813,30.79742732644081
umbrella,31.63704265654087,27.346500441432,28.624198809266087,30.077401220798492,33.08127334713936,32.080070808529854
tie,29.54403917491436,27.265755817294117,27.60802613198757,28.185921221971512,31.29068288207054,29.904099866747856
suitcase,31.289174526929852,30.52252323925495,29.040914103388786,31.79996281862259,32.290432959795,31.981941610574722
frisbee,29.845081359148022,28.686526641249653,27.941554710268974,28.622216627001762,31.332985386252403,30.118969589471817
skis,30.233812749385834,29.166814669966694,28.60688942670822,31.241345643997192,30.92541965842247,31.528008490800858
snowboard,29.98967903852463,29.3552156239748,28.908279836177826,30.973786875605587,30.935298442840576,31.499003171920776
kite,30.69105610251427,28.804248064756393,27.7588749229908,30.241415575146675,31.92907631397247,30.963613241910938
baseball bat,29.205544441938404,28.42969085276127,28.339058220386505,29.752308219671246,30.063921749591827,29.964322000741962
baseball glove,29.678862512111664,28.906825035810467,28.25370691716671,30.659428238868713,31.121133714914322,31.52137362957001
skateboard,30.097457379102703,29.414413660764694,28.63366764783859,30.72552692890167,31.118070542812347,30.774427950382233
surfboard,30.21545647084713,29.826280638575554,28.42910297214985,30.979723840951916,31.030288964509968,31.42783473432064
tennis racket,30.17755964398384,29.993375062942505,29.136443898081783,30.858013406395912,30.960055738687515,31.117922723293308
bottle,29.043195620179173,28.64974600076675,26.346754997968674,31.306811958551407,30.077234804630283,31.033325672149658
wine glass,28.80391316115856,28.146116867661476,27.613778308033943,30.32385051250458,29.970880180597305,30.160843580961227
cup,30.595251247286797,29.730892047286034,27.371961340308186,31.249970793724057,31.670214861631397,31.349212497472763
fork,30.208626985549923,28.894538059830666,27.71232657134533,29.309007957577705,30.902214601635936,30.484889566898342
knife,30.97154277563095,29.390716686844826,28.99173326790333,30.088393509387966,31.882028073072433,31.344167530536655
spoon,30.474210932850838,28.961499229073524,28.53894379734993,30.356193229556084,31.314557492733,30.717662543058395
bowl,30.84046855568886,29.96587653458118,29.011199399828914,31.165963351726532,31.649489879608154,31.702657341957092
banana,29.219774901866913,26.190951868891716,26.990906029939655,27.750822499394417,31.409915804862976,29.70227426290512
apple,29.078325659036636,28.32264506816864,26.86584489047527,29.637272432446483,31.013827353715897,29.332626253366474
sandwich,29.444742292165753,27.97651425004005,27.387586548924446,28.806776478886604,29.76402804255486,29.22056400775909
orange,29.364996656775478,27.14992479979992,27.683064952492714,28.76893889904022,31.406832456588745,29.24353189766407
broccoli,30.429606303572655,26.93322384357452,29.05168727040291,28.751518473029137,31.495230957865715,31.00177076458931
carrot,30.298142179846764,28.897430837154385,28.39810299873352,29.722930401563648,31.31355720758438,30.542035892605778
hot dog,30.422664910554886,29.21402634680271,28.1688983887434,30.347657784819603,32.07893851399422,31.169707387685776
pizza,30.10420471429825,26.454734802246094,27.711583316326145,28.31625983119011,30.284729585051533,29.773050770163533
donut,30.334959253668785,29.736602753400803,29.103231996297836,30.285143449902534,31.343964725732803,31.190650418400768
cake,30.556225582957268,29.384542554616928,27.806298479437828,30.411670863628387,31.44534459710121,30.96316161751747
chair,30.46246339380741,29.04649931192398,27.874110549688343,30.39853197336197,32.172835141420364,30.885270327329632
couch,30.374975889921192,29.47900278866291,27.261783957481384,30.50518846511841,31.5312567949295,31.262542963027958
potted plant,30.5419999063015,30.197560995817184,29.382792323827744,30.86230430006981,31.71513837575912,31.775476872920986
bed,30.470229417085648,29.493834331631664,27.39598289132118,30.924118474125862,31.961320161819458,31.370906710624695
dining table,29.211241543293,28.631300553679466,28.396022409200665,30.145809426903725,30.20998151600361,30.302714824676514
toilet,31.19510032236576,28.384216904640198,25.990009889006615,30.412244439125065,32.32268236577511,30.813940107822418
tv,31.228253036737442,29.839577168226246,28.868676513433456,31.660189837217327,32.473177045583725,31.801170527935028
laptop,29.65505202114582,28.772164076566696,26.695374503731728,30.15457352995872,31.176323771476746,30.827615439891815
mouse,30.629683002829548,29.260330945253372,28.550957530736927,31.11953297257423,32.93188527226448,32.38763928413391
remote,30.47047832608223,28.30343124270439,27.12682455778122,30.228798404335976,31.915982291102406,30.320044681429863
keyboard,30.126798287034035,28.98160921037197,27.695407137274742,30.988066002726555,32.08621457219124,31.743298023939133
cell phone,28.995712846517563,27.151725739240646,27.313363417983055,29.790800690650943,30.196287274360657,29.394437104463577
microwave,30.939458206295967,29.279628574848175,28.232139691710472,30.225889429450035,31.572990089654922,30.434285521507263
oven,31.27319958806038,29.624239280819893,28.85925556719303,30.673047751188275,32.23970225453377,30.43490618467331
sink,31.511521607637405,29.209324359893802,27.133315846323967,30.974151462316513,31.932361394166946,31.090686336159706
refrigerator,32.04779329895973,30.149362921714783,29.073570996522903,32.06982734799385,33.05876165628433,32.10775804519653
book,29.30335046350956,28.367823958396908,27.360769584774967,29.92218253016472,31.491785496473312,29.437504678964615
clock,29.497489616274837,26.68177790939808,25.267891958355904,28.35929520428181,31.249392062425613,28.840599313378334
vase,30.982808217406273,29.74524614214897,29.638787999749184,30.9782075881958,31.560721784830093,31.452743589878086
scissors,29.50280943512917,27.798976346850395,27.02650168538094,29.087669521570202,31.993848502635956,30.585816577076912
teddy bear,30.683519467711452,29.939486861228943,27.311335429549217,30.642962545156475,31.842748075723648,31.6476598829031
toothbrush,30.85959865152836,29.116318941116333,28.24398131668568,31.985641926527027,32.08655598759651,32.31270930171013
