Timestamp,Which image looks better?,Which image looks better?,Which image looks better?,Which image looks better?,Which image looks better?,Which image looks better?,Which image looks better?,Which image looks better?,Which image looks better?,What is 3+4?,Which image looks better?,Which image looks better?,Which image looks better?,How similar is the quality between the 2 images?,Which image looks better?,Which image looks better?,Which image looks better?,Which image looks better?,Which image looks better?,Which image looks better?,What is 5 - 2?,Which image looks better?,Which image looks better?,Which image looks better?,How similar is the quality between the 2 images?,What is your Prolific ID?
8/24/2024 14:05:40,Model 2,Model 1,Model 2,Model 1,Model 1,Model 1,Model 2,Model 1,Model 1,7,Model 2,Model 1,Model 1,5,Model 1,Model 2,Model 1,Model 2,Model 2,Model 1,3,Model 1,Model 2,Model 1,5,
8/24/2024 14:33:29,Model 2,Model 1,Model 2,Model 1,Model 1,Model 2,Model 2,Model 2,Model 1,7,Model 1,Model 1,Model 2,4,Model 2,Model 2,Model 1,Model 1,Model 1,Model 2,3,Model 2,Model 2,Model 2,4,P0001
8/24/2024 14:33:29,Model 2,Model 2,Model 2,Model 2,Model 2,Model 2,Model 2,Model 1,Model 1,7,Model 1,Model 2,Model 1,2,Model 1,Model 2,Model 1,Model 1,Model 1,Model 1,3,Model 2,Model 2,Model 2,1,P0002
8/24/2024 14:36:36,Model 2,Model 2,Model 2,Model 2,Model 2,Model 2,Model 2,Model 2,Model 1,7,Model 2,Model 1,Model 1,4,Model 1,Model 2,Model 2,Model 1,Model 2,Model 2,3,Model 1,Model 2,Model 1,5,P0003
8/24/2024 14:37:22,Model 1,Model 1,Model 1,Model 2,Model 2,Model 1,Model 1,Model 2,Model 1,7,Model 2,Model 2,Model 1,3,Model 1,Model 1,Model 2,Model 1,Model 1,Model 2,3,Model 2,Model 1,Model 1,3,P0004
8/24/2024 14:38:19,Model 2,Model 1,Model 1,Model 1,Model 1,Model 2,Model 1,Model 1,Model 1,7,Model 2,Model 2,Model 1,4,Model 1,Model 1,Model 1,Model 1,Model 1,Model 1,3,Model 2,Model 1,Model 1,3,P0005
8/24/2024 14:38:21,Model 1,Model 2,Model 2,Model 2,Model 2,Model 2,Model 2,Model 1,Model 1,7,Model 2,Model 1,Model 2,4,Model 1,Model 1,Model 2,Model 1,Model 2,Model 2,3,Model 2,Model 2,Model 1,4,P0006
8/24/2024 14:38:57,Model 2,Model 2,Model 2,Model 2,Model 1,Model 1,Model 2,Model 2,Model 1,7,Model 2,Model 1,Model 1,2,Model 1,Model 2,Model 1,Model 1,Model 2,Model 2,3,Model 1,Model 1,Model 2,2,P0007
8/24/2024 14:38:57,Model 1,Model 2,Model 1,Model 1,Model 1,Model 1,Model 2,Model 2,Model 1,7,Model 2,Model 1,Model 2,3,Model 2,Model 2,Model 1,Model 1,Model 2,Model 2,3,Model 1,Model 1,Model 2,3,P0008
8/24/2024 14:38:57,Model 1,Model 2,Model 1,Model 1,Model 2,Model 2,Model 1,Model 1,Model 1,7,Model 1,Model 1,Model 2,4,Model 2,Model 2,Model 1,Model 1,Model 2,Model 2,3,Model 1,Model 1,Model 1,5,P0009
8/24/2024 14:39:03,Model 1,Model 1,Model 1,Model 1,Model 1,Model 2,Model 2,Model 1,Model 1,7,Model 1,Model 1,Model 1,3,Model 1,Model 1,Model 1,Model 2,Model 2,Model 2,3,Model 1,Model 1,Model 2,3,P0010
8/24/2024 14:39:08,Model 1,Model 1,Model 1,Model 1,Model 1,Model 1,Model 2,Model 2,Model 1,7,Model 2,Model 2,Model 2,2,Model 2,Model 2,Model 2,Model 1,Model 2,Model 2,3,Model 2,Model 1,Model 2,4,P0011
8/24/2024 14:40:11,Model 1,Model 2,Model 1,Model 2,Model 1,Model 2,Model 1,Model 2,Model 2,7,Model 1,Model 1,Model 1,2,Model 1,Model 2,Model 1,Model 1,Model 2,Model 2,3,Model 2,Model 1,Model 2,2,P0012
8/24/2024 14:40:13,Model 2,Model 2,Model 2,Model 1,Model 2,Model 2,Model 2,Model 2,Model 1,7,Model 1,Model 1,Model 2,4,Model 1,Model 1,Model 1,Model 1,Model 1,Model 2,3,Model 2,Model 2,Model 2,4,P0013
8/24/2024 14:40:21,Model 2,Model 2,Model 2,Model 2,Model 2,Model 1,Model 2,Model 2,Model 2,7,Model 1,Model 2,Model 2,3,Model 1,Model 1,Model 1,Model 2,Model 2,Model 2,3,Model 2,Model 2,Model 2,3,P0014
8/24/2024 14:40:47,Model 1,Model 1,Model 1,Model 1,Model 1,Model 1,Model 2,Model 2,Model 1,7,Model 2,Model 1,Model 2,4,Model 2,Model 1,Model 1,Model 1,Model 1,Model 1,3,Model 1,Model 2,Model 1,4,P0015
8/24/2024 14:40:51,Model 2,Model 1,Model 1,Model 2,Model 2,Model 1,Model 1,Model 1,Model 1,7,Model 2,Model 2,Model 1,2,Model 1,Model 2,Model 2,Model 2,Model 2,Model 1,3,Model 2,Model 1,Model 2,2,P0016
8/24/2024 14:42:00,Model 1,Model 1,Model 1,Model 1,Model 1,Model 1,Model 1,Model 1,Model 1,7,Model 2,Model 1,Model 2,3,Model 1,Model 1,Model 1,Model 2,Model 2,Model 2,3,Model 2,Model 1,Model 2,3,P0017
8/24/2024 14:42:31,Model 1,Model 2,Model 2,Model 2,Model 1,Model 2,Model 2,Model 1,Model 2,7,Model 2,Model 1,Model 1,4,Model 1,Model 2,Model 1,Model 2,Model 2,Model 2,3,Model 1,Model 2,Model 1,4,P0018
8/24/2024 14:42:50,Model 2,Model 2,Model 2,Model 2,Model 2,Model 2,Model 2,Model 2,Model 2,7,Model 2,Model 1,Model 1,4,Model 1,Model 2,Model 2,Model 2,Model 2,Model 2,3,Model 1,Model 2,Model 2,5,P0019
8/24/2024 14:43:18,Model 2,Model 1,Model 2,Model 2,Model 2,Model 2,Model 2,Model 1,Model 1,7,Model 2,Model 1,Model 1,2,Model 1,Model 1,Model 2,Model 2,Model 2,Model 2,3,Model 2,Model 1,Model 2,4,P0020
8/24/2024 14:44:51,Model 2,Model 2,Model 2,Model 1,Model 2,Model 2,Model 2,Model 2,Model 1,7,Model 2,Model 1,Model 1,4,Model 1,Model 1,Model 1,Model 1,Model 1,Model 2,3,Model 1,Model 1,Model 1,4,P0021
8/24/2024 14:44:54,Model 2,Model 2,Model 2,Model 1,Model 2,Model 1,Model 2,Model 2,Model 1,7,Model 2,Model 1,Model 1,3,Model 1,Model 1,Model 1,Model 1,Model 2,Model 1,3,Model 2,Model 1,Model 2,2,P0022
8/24/2024 14:45:04,Model 2,Model 2,Model 2,Model 2,Model 2,Model 2,Model 1,Model 2,Model 1,7,Model 2,Model 1,Model 2,3,Model 1,Model 2,Model 1,Model 1,Model 2,Model 2,3,Model 1,Model 1,Model 1,2,P0023
8/24/2024 14:45:06,Model 2,Model 1,Model 1,Model 1,Model 1,Model 1,Model 2,Model 1,Model 1,7,Model 1,Model 1,Model 1,3,Model 1,Model 2,Model 2,Model 2,Model 1,Model 2,3,Model 2,Model 1,Model 2,3,P0024
8/24/2024 14:53:52,Model 2,Model 2,Model 2,Model 2,Model 2,Model 2,Model 2,Model 2,Model 1,7,Model 1,Model 2,Model 2,2,Model 1,Model 2,Model 1,Model 1,Model 1,Model 2,3,Model 2,Model 2,Model 2,1,P0025
8/24/2024 15:00:19,Model 2,Model 2,Model 1,Model 2,Model 2,Model 2,Model 2,Model 2,Model 1,7,Model 2,Model 2,Model 2,3,Model 1,Model 1,Model 1,Model 1,Model 2,Model 2,3,Model 2,Model 2,Model 1,4,P0026
9/3/2024 11:38:39,Model 1,Model 2,Model 1,Model 2,Model 1,Model 1,Model 2,Model 2,Model 1,7,Model 2,Model 1,Model 2,5,Model 1,Model 2,Model 1,Model 1,Model 1,Model 1,3,Model 1,Model 1,Model 2,5,P0027
9/3/2024 11:40:13,Model 1,Model 2,Model 1,Model 1,Model 2,Model 2,Model 2,Model 1,Model 2,7,Model 1,Model 2,Model 1,5,Model 1,Model 1,Model 1,Model 1,Model 2,Model 2,3,Model 1,Model 2,Model 2,5,P0028
9/6/2024 11:13:33,Model 1,Model 1,Model 2,Model 2,Model 1,Model 2,Model 1,Model 2,Model 1,7,Model 1,Model 1,Model 2,5,Model 2,Model 1,Model 2,Model 1,Model 2,Model 2,3,Model 2,Model 2,Model 2,5,P0029
9/6/2024 11:15:02,Model 2,Model 2,Model 2,Model 1,Model 2,Model 2,Model 2,Model 2,Model 2,7,Model 2,Model 2,Model 1,4,Model 2,Model 2,Model 2,Model 1,Model 2,Model 2,3,Model 2,Model 2,Model 1,4,P0030
9/6/2024 11:15:03,Model 2,Model 2,Model 2,Model 2,Model 2,Model 2,Model 2,Model 2,Model 2,7,Model 2,Model 1,Model 1,3,Model 2,Model 1,Model 1,Model 1,Model 1,Model 1,3,Model 2,Model 2,Model 1,4,P0031
9/6/2024 11:15:17,Model 1,Model 2,Model 1,Model 2,Model 1,Model 2,Model 1,Model 2,Model 1,7,Model 2,Model 1,Model 1,4,Model 1,Model 1,Model 1,Model 1,Model 2,Model 2,3,Model 2,Model 2,Model 1,4,P0032
9/6/2024 11:15:43,Model 2,Model 2,Model 2,Model 2,Model 2,Model 2,Model 2,Model 2,Model 2,7,Model 2,Model 1,Model 2,3,Model 1,Model 2,Model 1,Model 2,Model 2,Model 2,3,Model 2,Model 2,Model 2,3,P0033
9/6/2024 11:15:46,Model 2,Model 2,Model 2,Model 2,Model 1,Model 2,Model 1,Model 2,Model 1,7,Model 2,Model 1,Model 1,3,Model 1,Model 1,Model 1,Model 1,Model 2,Model 2,3,Model 1,Model 1,Model 1,2,P0034
9/6/2024 11:15:51,Model 1,Model 1,Model 1,Model 2,Model 2,Model 1,Model 1,Model 2,Model 2,7,Model 2,Model 1,Model 2,3,Model 1,Model 2,Model 2,Model 1,Model 1,Model 1,3,Model 1,Model 1,Model 1,2,P0035
9/6/2024 11:16:09,Model 1,Model 2,Model 1,Model 1,Model 2,Model 1,Model 1,Model 2,Model 1,7,Model 1,Model 1,Model 1,4,Model 1,Model 1,Model 1,Model 1,Model 2,Model 2,3,Model 1,Model 1,Model 1,4,P0036
9/6/2024 11:16:23,Model 2,Model 2,Model 2,Model 1,Model 2,Model 2,Model 2,Model 2,Model 2,7,Model 2,Model 2,Model 2,4,Model 1,Model 2,Model 1,Model 1,Model 1,Model 1,3,Model 2,Model 2,Model 2,4,P0037
9/6/2024 11:16:35,Model 1,Model 2,Model 2,Model 1,Model 1,Model 1,Model 2,Model 1,Model 2,7,Model 2,Model 2,Model 2,5,Model 1,Model 1,Model 1,Model 1,Model 1,Model 2,3,Model 1,Model 1,Model 2,5,P0038
9/6/2024 11:17:07,Model 2,Model 2,Model 1,Model 2,Model 1,Model 2,Model 1,Model 1,Model 1,7,Model 1,Model 1,Model 1,2,Model 2,Model 1,Model 1,Model 1,Model 1,Model 2,3,Model 2,Model 2,Model 2,2,P0039
9/6/2024 11:17:21,Model 1,Model 2,Model 1,Model 2,Model 2,Model 2,Model 1,Model 2,Model 1,7,Model 1,Model 2,Model 2,3,Model 1,Model 1,Model 1,Model 1,Model 1,Model 2,3,Model 1,Model 1,Model 1,4,P0040
9/6/2024 11:17:39,Model 1,Model 2,Model 2,Model 2,Model 1,Model 1,Model 1,Model 2,Model 2,7,Model 2,Model 1,Model 2,3,Model 1,Model 1,Model 1,Model 2,Model 2,Model 2,3,Model 1,Model 1,Model 2,4,P0041
9/6/2024 11:17:44,Model 1,Model 1,Model 1,Model 1,Model 1,Model 1,Model 1,Model 1,Model 1,7,Model 1,Model 1,Model 1,3,Model 1,Model 1,Model 1,Model 1,Model 1,Model 1,3,Model 1,Model 1,Model 1,3,P0042
9/6/2024 11:17:51,Model 1,Model 1,Model 1,Model 2,Model 1,Model 1,Model 2,Model 1,Model 1,7,Model 1,Model 2,Model 2,4,Model 2,Model 2,Model 1,Model 2,Model 2,Model 2,3,Model 2,Model 1,Model 1,3,P0043
9/6/2024 11:17:59,Model 2,Model 1,Model 2,Model 1,Model 2,Model 2,Model 1,Model 1,Model 1,7,Model 2,Model 2,Model 2,2,Model 1,Model 2,Model 1,Model 1,Model 2,Model 2,3,Model 2,Model 2,Model 2,2,P0044
9/6/2024 11:18:06,Model 2,Model 2,Model 2,Model 2,Model 2,Model 2,Model 2,Model 2,Model 2,7,Model 2,Model 2,Model 1,1,Model 1,Model 2,Model 1,Model 1,Model 2,Model 2,3,Model 2,Model 1,Model 1,2,P0045
9/6/2024 11:18:09,Model 1,Model 1,Model 2,Model 1,Model 1,Model 2,Model 2,Model 1,Model 2,7,Model 2,Model 1,Model 1,1,Model 1,Model 2,Model 1,Model 1,Model 2,Model 2,3,Model 2,Model 1,Model 2,1,P0046
9/6/2024 11:18:16,Model 1,Model 1,Model 1,Model 1,Model 1,Model 1,Model 1,Model 1,Model 1,7,Model 1,Model 2,Model 2,2,Model 1,Model 2,Model 1,Model 1,Model 1,Model 1,3,Model 2,Model 2,Model 2,1,P0047
9/6/2024 11:18:33,Model 2,Model 2,Model 2,Model 2,Model 2,Model 2,Model 1,Model 2,Model 2,7,Model 2,Model 1,Model 1,3,Model 1,Model 2,Model 1,Model 1,Model 1,Model 2,3,Model 2,Model 2,Model 2,3,P0048
9/6/2024 11:18:35,Model 2,Model 2,Model 2,Model 2,Model 2,Model 1,Model 2,Model 2,Model 1,7,Model 2,Model 2,Model 1,2,Model 1,Model 2,Model 1,Model 2,Model 2,Model 2,3,Model 2,Model 2,Model 1,2,P0049
9/6/2024 11:18:39,Model 1,Model 2,Model 2,Model 2,Model 2,Model 2,Model 2,Model 1,Model 2,7,Model 2,Model 1,Model 2,3,Model 1,Model 2,Model 1,Model 1,Model 1,Model 1,3,Model 1,Model 2,Model 1,1,P0050
9/6/2024 11:18:42,Model 2,Model 2,Model 2,Model 2,Model 2,Model 2,Model 2,Model 2,Model 2,7,Model 2,Model 1,Model 2,3,Model 2,Model 1,Model 1,Model 2,Model 2,Model 2,3,Model 2,Model 1,Model 1,4,P0051
9/6/2024 11:19:26,Model 1,Model 1,Model 1,Model 1,Model 2,Model 1,Model 1,Model 2,Model 1,7,Model 2,Model 2,Model 1,3,Model 1,Model 2,Model 2,Model 2,Model 2,Model 1,3,Model 2,Model 1,Model 2,4,P0052
9/6/2024 11:19:31,Model 1,Model 1,Model 1,Model 1,Model 2,Model 2,Model 1,Model 1,Model 1,7,Model 1,Model 2,Model 1,2,Model 1,Model 2,Model 2,Model 1,Model 1,Model 2,3,Model 2,Model 2,Model 1,2,P0044
9/6/2024 11:19:49,Model 2,Model 2,Model 2,Model 2,Model 2,Model 2,Model 2,Model 2,Model 1,7,Model 2,Model 1,Model 1,2,Model 1,Model 2,Model 1,Model 1,Model 2,Model 2,3,Model 2,Model 2,Model 1,2,P0053
9/6/2024 11:19:52,Model 2,Model 2,Model 1,Model 1,Model 2,Model 2,Model 1,Model 1,Model 1,7,Model 2,Model 2,Model 2,4,Model 2,Model 2,Model 1,Model 1,Model 2,Model 2,3,Model 2,Model 1,Model 1,4,P0054
9/6/2024 11:20:06,Model 2,Model 1,Model 2,Model 1,Model 1,Model 1,Model 1,Model 1,Model 1,7,Model 1,Model 2,Model 1,4,Model 1,Model 1,Model 1,Model 2,Model 2,Model 1,3,Model 2,Model 2,Model 2,2,P0050
9/6/2024 11:20:14,Model 1,Model 2,Model 1,Model 2,Model 2,Model 2,Model 2,Model 2,Model 1,7,Model 2,Model 1,Model 2,2,Model 2,Model 1,Model 1,Model 2,Model 2,Model 2,3,Model 2,Model 1,Model 1,2,P0055
9/6/2024 11:20:19,Model 2,Model 1,Model 1,Model 1,Model 1,Model 1,Model 2,Model 1,Model 1,7,Model 2,Model 1,Model 1,4,Model 1,Model 2,Model 1,Model 1,Model 1,Model 2,3,Model 2,Model 1,Model 2,3,P0056
9/6/2024 11:20:34,Model 2,Model 2,Model 2,Model 1,Model 2,Model 2,Model 2,Model 2,Model 1,7,Model 2,Model 1,Model 2,3,Model 1,Model 2,Model 1,Model 2,Model 1,Model 2,3,Model 2,Model 2,Model 2,2,P0057
9/6/2024 11:20:45,Model 2,Model 2,Model 2,Model 2,Model 2,Model 2,Model 1,Model 2,Model 1,7,Model 2,Model 2,Model 1,2,Model 1,Model 2,Model 1,Model 1,Model 2,Model 2,3,Model 2,Model 1,Model 2,2,P0058
9/6/2024 11:20:49,Model 2,Model 1,Model 1,Model 2,Model 2,Model 2,Model 1,Model 1,Model 1,7,Model 1,Model 1,Model 1,4,Model 1,Model 1,Model 1,Model 1,Model 1,Model 1,3,Model 2,Model 1,Model 1,4,P0059
9/6/2024 11:20:51,Model 2,Model 2,Model 2,Model 2,Model 2,Model 1,Model 1,Model 1,Model 1,7,Model 2,Model 2,Model 2,4,Model 1,Model 2,Model 1,Model 1,Model 1,Model 2,3,Model 1,Model 2,Model 1,4,P0060
9/6/2024 11:20:58,Model 2,Model 1,Model 1,Model 1,Model 1,Model 1,Model 2,Model 1,Model 1,7,Model 1,Model 2,Model 2,5,Model 1,Model 1,Model 1,Model 1,Model 1,Model 2,3,Model 1,Model 1,Model 1,5,P0061
9/6/2024 11:20:59,Model 2,Model 1,Model 2,Model 2,Model 2,Model 2,Model 2,Model 2,Model 1,7,Model 2,Model 2,Model 1,3,Model 1,Model 2,Model 1,Model 2,Model 2,Model 1,3,Model 2,Model 1,Model 2,2,P0062
9/6/2024 11:21:43,Model 2,Model 2,Model 1,Model 2,Model 2,Model 2,Model 1,Model 2,Model 1,7,Model 1,Model 2,Model 2,4,Model 1,Model 1,Model 1,Model 1,Model 2,Model 1,3,Model 1,Model 1,Model 1,3,P0063
9/6/2024 11:21:49,Model 2,Model 1,Model 1,Model 1,Model 2,Model 1,Model 1,Model 1,Model 1,7,Model 2,Model 1,Model 1,2,Model 1,Model 2,Model 1,Model 1,Model 2,Model 2,3,Model 2,Model 2,Model 2,3,P0064
9/6/2024 11:21:51,Model 2,Model 2,Model 2,Model 2,Model 2,Model 2,Model 2,Model 1,Model 1,7,Model 2,Model 1,Model 2,3,Model 1,Model 2,Model 2,Model 1,Model 2,Model 2,3,Model 1,Model 2,Model 1,3,P0065
9/6/2024 11:22:00,Model 2,Model 1,Model 1,Model 1,Model 1,Model 2,Model 2,Model 2,Model 2,7,Model 1,Model 2,Model 1,5,Model 2,Model 1,Model 2,Model 1,Model 2,Model 2,3,Model 2,Model 2,Model 2,5,P0066
9/6/2024 11:22:02,Model 2,Model 2,Model 2,Model 2,Model 2,Model 2,Model 2,Model 1,Model 2,7,Model 1,Model 1,Model 1,3,Model 2,Model 1,Model 2,Model 2,Model 2,Model 2,3,Model 2,Model 2,Model 1,4,P0067
9/6/2024 11:22:12,Model 2,Model 2,Model 2,Model 2,Model 2,Model 2,Model 1,Model 2,Model 1,7,Model 1,Model 2,Model 1,2,Model 1,Model 2,Model 1,Model 2,Model 1,Model 2,3,Model 2,Model 2,Model 2,3,P0068
9/6/2024 11:22:31,Model 2,Model 2,Model 2,Model 1,Model 2,Model 2,Model 2,Model 2,Model 1,7,Model 2,Model 2,Model 1,3,Model 1,Model 1,Model 1,Model 1,Model 2,Model 2,3,Model 2,Model 2,Model 2,2,P0069
9/6/2024 11:22:31,Model 1,Model 1,Model 1,Model 1,Model 1,Model 2,Model 1,Model 1,Model 1,7,Model 2,Model 2,Model 1,1,Model 2,Model 1,Model 1,Model 1,Model 1,Model 1,3,Model 2,Model 1,Model 2,1,P0070
9/6/2024 11:22:48,Model 1,Model 1,Model 1,Model 1,Model 2,Model 1,Model 1,Model 2,Model 1,7,Model 1,Model 2,Model 2,3,Model 2,Model 2,Model 1,Model 2,Model 2,Model 1,3,Model 2,Model 1,Model 2,4,P0052
9/6/2024 11:22:58,Model 2,Model 2,Model 1,Model 2,Model 2,Model 2,Model 1,Model 2,Model 1,7,Model 2,Model 1,Model 1,3,Model 1,Model 1,Model 1,Model 1,Model 2,Model 2,3,Model 2,Model 1,Model 1,3,P0071
9/6/2024 11:23:01,Model 1,Model 2,Model 1,Model 2,Model 2,Model 2,Model 2,Model 2,Model 1,7,Model 2,Model 1,Model 2,2,Model 2,Model 2,Model 1,Model 1,Model 2,Model 2,3,Model 2,Model 2,Model 2,4,P0072
9/6/2024 11:23:02,Model 1,Model 1,Model 1,Model 2,Model 1,Model 1,Model 1,Model 2,Model 1,7,Model 2,Model 1,Model 1,3,Model 1,Model 1,Model 1,Model 1,Model 1,Model 1,3,Model 1,Model 1,Model 1,2,P0073
9/6/2024 11:23:02,Model 2,Model 2,Model 2,Model 2,Model 2,Model 2,Model 2,Model 2,Model 1,7,Model 2,Model 1,Model 2,2,Model 1,Model 1,Model 2,Model 1,Model 2,Model 2,3,Model 1,Model 1,Model 1,2,P0074
9/6/2024 11:23:03,Model 2,Model 1,Model 1,Model 2,Model 2,Model 2,Model 2,Model 1,Model 2,7,Model 1,Model 2,Model 1,4,Model 1,Model 2,Model 1,Model 1,Model 2,Model 1,3,Model 2,Model 1,Model 2,4,P0075
9/6/2024 11:23:15,Model 1,Model 2,Model 1,Model 1,Model 2,Model 1,Model 2,Model 1,Model 1,7,Model 2,Model 1,Model 2,4,Model 1,Model 1,Model 1,Model 1,Model 2,Model 1,3,Model 1,Model 1,Model 1,4,P0076
9/6/2024 11:23:15,Model 1,Model 2,Model 1,Model 1,Model 1,Model 1,Model 2,Model 2,Model 1,7,Model 1,Model 1,Model 1,2,Model 1,Model 1,Model 1,Model 2,Model 1,Model 1,3,Model 2,Model 1,Model 2,3,P0077
9/6/2024 11:23:16,Model 2,Model 1,Model 2,Model 1,Model 2,Model 2,Model 1,Model 2,Model 1,7,Model 2,Model 1,Model 1,2,Model 1,Model 2,Model 1,Model 1,Model 2,Model 1,3,Model 2,Model 1,Model 2,2,P0078
9/6/2024 11:23:17,Model 1,Model 2,Model 1,Model 1,Model 2,Model 2,Model 1,Model 1,Model 1,7,Model 2,Model 1,Model 2,4,Model 1,Model 1,Model 2,Model 1,Model 2,Model 2,3,Model 1,Model 1,Model 1,3,P0079
9/6/2024 11:23:26,Model 1,Model 2,Model 2,Model 1,Model 1,Model 2,Model 1,Model 2,Model 2,7,Model 2,Model 1,Model 1,1,Model 1,Model 1,Model 1,Model 1,Model 1,Model 2,3,Model 2,Model 1,Model 1,4,P0080
9/6/2024 11:23:26,Model 2,Model 1,Model 2,Model 1,Model 2,Model 2,Model 1,Model 2,Model 1,7,Model 2,Model 1,Model 1,2,Model 1,Model 2,Model 1,Model 1,Model 2,Model 1,3,Model 2,Model 1,Model 2,2,P0078
9/6/2024 11:23:49,Model 1,Model 1,Model 1,Model 1,Model 2,Model 1,Model 2,Model 2,Model 2,7,Model 2,Model 2,Model 2,4,Model 2,Model 2,Model 1,Model 2,Model 2,Model 2,3,Model 1,Model 1,Model 1,4,P0081
9/6/2024 11:24:01,Model 2,Model 1,Model 1,Model 1,Model 1,Model 2,Model 2,Model 1,Model 2,7,Model 1,Model 1,Model 2,4,Model 1,Model 2,Model 1,Model 1,Model 1,Model 1,3,Model 1,Model 1,Model 1,4,P0082
9/6/2024 11:24:02,Model 1,Model 2,Model 1,Model 2,Model 1,Model 1,Model 1,Model 1,Model 1,7,Model 2,Model 2,Model 2,4,Model 1,Model 2,Model 1,Model 1,Model 2,Model 2,3,Model 2,Model 2,Model 1,3,P0083
9/6/2024 11:24:07,Model 1,Model 2,Model 2,Model 2,Model 1,Model 2,Model 1,Model 2,Model 1,7,Model 2,Model 2,Model 1,2,Model 2,Model 2,Model 2,Model 1,Model 2,Model 2,3,Model 2,Model 1,Model 1,1,P0084
9/6/2024 11:24:10,Model 2,Model 2,Model 1,Model 2,Model 2,Model 2,Model 1,Model 1,Model 1,7,Model 1,Model 1,Model 2,2,Model 1,Model 1,Model 1,Model 1,Model 1,Model 1,3,Model 1,Model 1,Model 1,2,P0085
9/6/2024 11:24:22,Model 2,Model 2,Model 1,Model 2,Model 2,Model 1,Model 1,Model 1,Model 1,7,Model 1,Model 1,Model 1,4,Model 1,Model 2,Model 2,Model 1,Model 1,Model 2,3,Model 2,Model 2,Model 1,2,P0086
9/6/2024 11:24:28,Model 2,Model 2,Model 2,Model 1,Model 1,Model 2,Model 2,Model 2,Model 1,7,Model 1,Model 1,Model 1,3,Model 1,Model 2,Model 1,Model 1,Model 1,Model 1,3,Model 2,Model 1,Model 2,4,P0087
9/6/2024 11:24:30,Model 1,Model 2,Model 1,Model 2,Model 2,Model 2,Model 2,Model 1,Model 1,7,Model 2,Model 1,Model 2,2,Model 2,Model 1,Model 1,Model 1,Model 2,Model 2,3,Model 2,Model 2,Model 1,4,P0088
9/6/2024 11:24:31,Model 2,Model 2,Model 2,Model 2,Model 2,Model 2,Model 1,Model 1,Model 2,7,Model 2,Model 2,Model 1,4,Model 1,Model 1,Model 2,Model 1,Model 1,Model 2,3,Model 2,Model 2,Model 2,2,P0089
9/6/2024 11:24:44,Model 1,Model 2,Model 2,Model 1,Model 2,Model 1,Model 2,Model 2,Model 1,7,Model 2,Model 1,Model 2,2,Model 2,Model 2,Model 2,Model 1,Model 2,Model 2,3,Model 2,Model 2,Model 2,2,P0090
9/6/2024 11:24:48,Model 2,Model 1,Model 1,Model 1,Model 2,Model 2,Model 2,Model 2,Model 1,7,Model 2,Model 1,Model 2,3,Model 2,Model 2,Model 1,Model 1,Model 2,Model 2,3,Model 2,Model 2,Model 2,3,P0091
9/6/2024 11:25:05,Model 2,Model 1,Model 1,Model 2,Model 1,Model 2,Model 2,Model 2,Model 1,7,Model 2,Model 1,Model 1,2,Model 1,Model 2,Model 1,Model 2,Model 2,Model 1,3,Model 2,Model 1,Model 2,1,P0092
9/6/2024 11:25:11,Model 2,Model 2,Model 1,Model 1,Model 2,Model 1,Model 2,Model 2,Model 1,7,Model 2,Model 1,Model 2,4,Model 1,Model 1,Model 1,Model 1,Model 1,Model 2,3,Model 1,Model 1,Model 2,3,P0093
9/6/2024 11:25:12,Model 2,Model 2,Model 1,Model 2,Model 2,Model 2,Model 2,Model 2,Model 1,7,Model 2,Model 1,Model 1,3,Model 1,Model 2,Model 1,Model 1,Model 2,Model 2,3,Model 2,Model 1,Model 2,3,P0094
9/6/2024 11:25:16,Model 2,Model 2,Model 2,Model 2,Model 2,Model 2,Model 2,Model 2,Model 2,7,Model 2,Model 1,Model 2,4,Model 1,Model 2,Model 2,Model 2,Model 1,Model 1,3,Model 2,Model 1,Model 1,4,P0095
9/6/2024 11:25:18,Model 1,Model 2,Model 2,Model 1,Model 1,Model 2,Model 2,Model 2,Model 2,7,Model 1,Model 1,Model 2,1,Model 1,Model 1,Model 1,Model 1,Model 2,Model 2,3,Model 2,Model 2,Model 1,1,P0096
9/6/2024 11:25:18,Model 2,Model 1,Model 1,Model 1,Model 1,Model 2,Model 1,Model 1,Model 1,7,Model 1,Model 1,Model 1,2,Model 1,Model 2,Model 1,Model 1,Model 2,Model 1,3,Model 2,Model 1,Model 2,1,P0097
9/6/2024 11:25:21,Model 2,Model 1,Model 2,Model 1,Model 1,Model 2,Model 1,Model 2,Model 1,7,Model 2,Model 1,Model 2,3,Model 1,Model 1,Model 1,Model 1,Model 2,Model 2,3,Model 2,Model 2,Model 2,3,P0098
9/6/2024 11:25:37,Model 1,Model 2,Model 2,Model 2,Model 2,Model 2,Model 2,Model 2,Model 1,7,Model 2,Model 1,Model 1,3,Model 1,Model 2,Model 1,Model 1,Model 2,Model 2,3,Model 2,Model 1,Model 1,2,P0099
9/6/2024 11:25:47,Model 2,Model 2,Model 2,Model 2,Model 2,Model 2,Model 2,Model 2,Model 1,7,Model 2,Model 1,Model 1,4,Model 1,Model 2,Model 2,Model 1,Model 2,Model 2,3,Model 2,Model 2,Model 1,5,P0100
9/6/2024 11:25:51,Model 1,Model 2,Model 1,Model 2,Model 1,Model 2,Model 2,Model 2,Model 2,7,Model 2,Model 1,Model 2,4,Model 1,Model 2,Model 2,Model 2,Model 1,Model 2,3,Model 2,Model 2,Model 2,4,P0101
9/6/2024 11:26:05,Model 1,Model 2,Model 2,Model 2,Model 1,Model 1,Model 2,Model 2,Model 2,7,Model 1,Model 2,Model 1,4,Model 2,Model 1,Model 2,Model 1,Model 1,Model 2,3,Model 2,Model 2,Model 2,4,P0102
9/6/2024 11:26:07,Model 1,Model 2,Model 1,Model 2,Model 2,Model 1,Model 1,Model 2,Model 1,7,Model 2,Model 1,Model 1,3,Model 1,Model 2,Model 2,Model 1,Model 2,Model 2,3,Model 2,Model 2,Model 1,3,P0103
9/6/2024 11:26:08,Model 1,Model 1,Model 1,Model 2,Model 1,Model 1,Model 2,Model 1,Model 1,7,Model 2,Model 1,Model 1,4,Model 2,Model 2,Model 1,Model 2,Model 1,Model 1,3,Model 2,Model 1,Model 2,4,P0104
9/6/2024 11:26:09,Model 1,Model 2,Model 1,Model 2,Model 2,Model 2,Model 1,Model 2,Model 1,7,Model 1,Model 1,Model 2,2,Model 1,Model 2,Model 1,Model 1,Model 1,Model 1,3,Model 1,Model 1,Model 1,2,P0105
9/6/2024 11:26:15,Model 2,Model 2,Model 2,Model 2,Model 1,Model 2,Model 2,Model 1,Model 1,7,Model 2,Model 1,Model 1,2,Model 1,Model 2,Model 1,Model 1,Model 1,Model 2,3,Model 2,Model 2,Model 2,3,P0106
9/6/2024 11:26:17,Model 1,Model 1,Model 2,Model 1,Model 2,Model 1,Model 2,Model 2,Model 1,7,Model 2,Model 1,Model 1,4,Model 1,Model 2,Model 1,Model 2,Model 2,Model 2,3,Model 2,Model 2,Model 2,5,P0107
9/6/2024 11:26:18,Model 2,Model 2,Model 2,Model 2,Model 2,Model 2,Model 1,Model 2,Model 1,7,Model 2,Model 2,Model 1,4,Model 1,Model 1,Model 1,Model 1,Model 2,Model 2,3,Model 1,Model 1,Model 1,4,P0108
9/6/2024 11:26:28,Model 1,Model 2,Model 1,Model 2,Model 2,Model 2,Model 1,Model 2,Model 1,7,Model 2,Model 1,Model 2,4,Model 1,Model 1,Model 1,Model 1,Model 1,Model 1,3,Model 2,Model 2,Model 2,2,P0109
9/6/2024 11:26:31,Model 1,Model 2,Model 1,Model 2,Model 1,Model 2,Model 1,Model 2,Model 1,7,Model 2,Model 1,Model 2,5,Model 1,Model 1,Model 1,Model 1,Model 2,Model 2,3,Model 2,Model 2,Model 2,5,P0110
9/6/2024 11:26:32,Model 1,Model 2,Model 1,Model 2,Model 2,Model 2,Model 2,Model 1,Model 2,7,Model 2,Model 2,Model 2,3,Model 1,Model 2,Model 1,Model 1,Model 2,Model 2,3,Model 1,Model 1,Model 1,3,P0111
9/6/2024 11:26:44,Model 2,Model 2,Model 1,Model 1,Model 1,Model 1,Model 1,Model 1,Model 1,7,Model 1,Model 2,Model 1,3,Model 2,Model 1,Model 1,Model 1,Model 1,Model 1,3,Model 1,Model 1,Model 2,3,P0112
9/6/2024 11:26:47,Model 1,Model 2,Model 2,Model 2,Model 2,Model 2,Model 2,Model 2,Model 2,7,Model 2,Model 2,Model 2,2,Model 2,Model 2,Model 1,Model 2,Model 2,Model 2,3,Model 2,Model 2,Model 1,2,P0113
9/6/2024 11:26:49,Model 2,Model 2,Model 2,Model 2,Model 1,Model 2,Model 2,Model 2,Model 1,7,Model 2,Model 1,Model 1,2,Model 2,Model 1,Model 1,Model 1,Model 2,Model 2,3,Model 1,Model 1,Model 1,2,P0114
9/6/2024 11:27:01,Model 1,Model 2,Model 1,Model 2,Model 2,Model 2,Model 2,Model 2,Model 1,7,Model 2,Model 1,Model 2,3,Model 1,Model 2,Model 1,Model 1,Model 2,Model 2,3,Model 1,Model 1,Model 1,4,P0115
9/6/2024 11:27:05,Model 2,Model 2,Model 2,Model 2,Model 2,Model 2,Model 2,Model 2,Model 2,7,Model 2,Model 2,Model 1,3,Model 2,Model 1,Model 1,Model 1,Model 2,Model 2,3,Model 2,Model 1,Model 1,2,P0116
9/6/2024 11:27:08,Model 2,Model 1,Model 2,Model 2,Model 2,Model 2,Model 2,Model 2,Model 1,7,Model 1,Model 2,Model 1,4,Model 1,Model 1,Model 1,Model 1,Model 1,Model 2,3,Model 2,Model 2,Model 2,3,P0117
9/6/2024 11:27:20,Model 2,Model 2,Model 1,Model 2,Model 2,Model 2,Model 1,Model 2,Model 1,7,Model 2,Model 1,Model 1,2,Model 1,Model 1,Model 1,Model 1,Model 2,Model 2,3,Model 1,Model 1,Model 2,2,P0118
9/6/2024 11:27:25,Model 1,Model 2,Model 1,Model 2,Model 2,Model 2,Model 2,Model 2,Model 1,7,Model 2,Model 1,Model 2,4,Model 1,Model 1,Model 1,Model 1,Model 2,Model 2,3,Model 2,Model 1,Model 2,4,P0119
9/6/2024 11:27:28,Model 2,Model 1,Model 1,Model 1,Model 1,Model 2,Model 2,Model 1,Model 1,7,Model 2,Model 1,Model 1,4,Model 1,Model 2,Model 1,Model 1,Model 1,Model 2,3,Model 1,Model 1,Model 2,3,P0120
9/6/2024 11:27:29,Model 1,Model 2,Model 1,Model 1,Model 2,Model 2,Model 2,Model 2,Model 1,7,Model 2,Model 1,Model 2,5,Model 1,Model 1,Model 1,Model 1,Model 2,Model 2,3,Model 2,Model 2,Model 1,5,P0121
9/6/2024 11:27:37,Model 1,Model 2,Model 2,Model 2,Model 1,Model 2,Model 1,Model 2,Model 2,7,Model 1,Model 1,Model 1,3,Model 1,Model 2,Model 2,Model 2,Model 1,Model 1,3,Model 1,Model 1,Model 1,3,P0122
9/6/2024 11:27:38,Model 1,Model 2,Model 1,Model 2,Model 2,Model 2,Model 1,Model 2,Model 1,7,Model 2,Model 1,Model 2,2,Model 2,Model 1,Model 1,Model 1,Model 2,Model 2,3,Model 2,Model 2,Model 1,4,P0088
9/6/2024 11:27:40,Model 1,Model 1,Model 1,Model 2,Model 2,Model 2,Model 1,Model 2,Model 1,7,Model 2,Model 2,Model 1,4,Model 1,Model 1,Model 1,Model 1,Model 2,Model 2,3,Model 2,Model 2,Model 2,4,P0123
9/6/2024 11:27:44,Model 2,Model 1,Model 1,Model 2,Model 2,Model 2,Model 1,Model 2,Model 1,7,Model 2,Model 2,Model 1,2,Model 1,Model 1,Model 1,Model 1,Model 1,Model 2,3,Model 2,Model 2,Model 2,3,P0124
9/6/2024 11:27:45,Model 2,Model 2,Model 1,Model 1,Model 2,Model 2,Model 1,Model 2,Model 1,7,Model 1,Model 1,Model 2,4,Model 1,Model 1,Model 1,Model 1,Model 2,Model 2,3,Model 2,Model 1,Model 1,4,P0125
9/6/2024 11:27:45,Model 2,Model 2,Model 2,Model 2,Model 2,Model 2,Model 1,Model 2,Model 1,7,Model 2,Model 2,Model 2,4,Model 2,Model 1,Model 1,Model 1,Model 2,Model 2,3,Model 2,Model 2,Model 2,2,P0126
9/6/2024 11:27:45,Model 2,Model 1,Model 2,Model 2,Model 2,Model 2,Model 2,Model 2,Model 1,7,Model 2,Model 2,Model 1,3,Model 2,Model 2,Model 1,Model 1,Model 2,Model 2,3,Model 2,Model 2,Model 2,3,P0127
9/6/2024 11:27:46,Model 1,Model 2,Model 2,Model 2,Model 1,Model 2,Model 1,Model 1,Model 1,7,Model 2,Model 1,Model 1,5,Model 2,Model 2,Model 1,Model 1,Model 2,Model 2,3,Model 2,Model 2,Model 1,4,P0128
9/6/2024 11:27:51,Model 2,Model 2,Model 2,Model 1,Model 2,Model 1,Model 1,Model 2,Model 1,7,Model 2,Model 1,Model 1,3,Model 1,Model 1,Model 1,Model 1,Model 1,Model 2,3,Model 2,Model 1,Model 2,2,P0129
9/6/2024 11:27:53,Model 1,Model 1,Model 2,Model 1,Model 2,Model 2,Model 2,Model 1,Model 1,7,Model 1,Model 1,Model 1,2,Model 1,Model 2,Model 1,Model 2,Model 2,Model 1,3,Model 2,Model 1,Model 2,2,P0130
9/6/2024 11:27:55,Model 2,Model 1,Model 1,Model 2,Model 2,Model 2,Model 2,Model 2,Model 2,7,Model 2,Model 1,Model 1,2,Model 1,Model 2,Model 1,Model 1,Model 1,Model 1,3,Model 2,Model 1,Model 2,2,P0097
9/6/2024 11:27:56,Model 2,Model 2,Model 2,Model 2,Model 2,Model 2,Model 2,Model 2,Model 2,7,Model 2,Model 1,Model 1,3,Model 2,Model 1,Model 2,Model 2,Model 2,Model 2,3,Model 2,Model 2,Model 1,2,P0131
9/6/2024 11:28:04,Model 1,Model 1,Model 1,Model 1,Model 1,Model 1,Model 2,Model 1,Model 1,7,Model 1,Model 2,Model 1,4,Model 2,Model 2,Model 2,Model 1,Model 2,Model 1,3,Model 2,Model 1,Model 1,4,P0132
9/6/2024 11:28:26,Model 1,Model 2,Model 2,Model 2,Model 2,Model 2,Model 1,Model 1,Model 1,7,Model 1,Model 1,Model 1,4,Model 2,Model 1,Model 1,Model 1,Model 2,Model 2,3,Model 2,Model 1,Model 1,5,P0133
9/6/2024 11:28:29,Model 2,Model 2,Model 1,Model 1,Model 1,Model 2,Model 1,Model 2,Model 1,7,Model 1,Model 1,Model 1,3,Model 1,Model 2,Model 1,Model 1,Model 1,Model 1,3,Model 2,Model 1,Model 2,3,P0134
9/6/2024 11:28:39,Model 2,Model 1,Model 1,Model 1,Model 2,Model 1,Model 1,Model 2,Model 1,7,Model 2,Model 1,Model 2,4,Model 2,Model 2,Model 1,Model 1,Model 1,Model 1,3,Model 2,Model 1,Model 2,2,P0135
9/6/2024 11:28:40,Model 2,Model 2,Model 2,Model 1,Model 1,Model 2,Model 1,Model 1,Model 1,7,Model 2,Model 2,Model 1,4,Model 1,Model 1,Model 1,Model 1,Model 2,Model 1,3,Model 1,Model 2,Model 1,3,P0136
9/6/2024 11:28:43,Model 2,Model 2,Model 2,Model 2,Model 2,Model 1,Model 1,Model 1,Model 1,7,Model 2,Model 1,Model 1,3,Model 1,Model 2,Model 1,Model 1,Model 1,Model 1,3,Model 2,Model 2,Model 2,2,P0137
9/6/2024 11:28:44,Model 2,Model 2,Model 1,Model 2,Model 2,Model 2,Model 1,Model 2,Model 2,7,Model 2,Model 2,Model 1,2,Model 2,Model 2,Model 2,Model 1,Model 2,Model 2,3,Model 1,Model 2,Model 1,1,P0138
9/6/2024 11:28:49,Model 1,Model 2,Model 1,Model 2,Model 2,Model 2,Model 1,Model 2,Model 1,7,Model 2,Model 1,Model 2,2,Model 1,Model 1,Model 1,Model 1,Model 2,Model 2,3,Model 2,Model 2,Model 1,2,P0139
9/6/2024 11:28:52,Model 2,Model 2,Model 2,Model 1,Model 1,Model 2,Model 1,Model 1,Model 1,7,Model 1,Model 1,Model 1,2,Model 1,Model 1,Model 1,Model 2,Model 2,Model 2,3,Model 2,Model 2,Model 2,2,P0140
9/6/2024 11:28:52,Model 1,Model 2,Model 2,Model 2,Model 1,Model 2,Model 1,Model 2,Model 1,7,Model 1,Model 1,Model 2,2,Model 1,Model 2,Model 1,Model 1,Model 1,Model 1,3,Model 2,Model 2,Model 2,1,P0141
9/6/2024 11:28:55,Model 2,Model 2,Model 2,Model 1,Model 1,Model 1,Model 1,Model 1,Model 1,7,Model 2,Model 1,Model 1,3,Model 1,Model 2,Model 1,Model 1,Model 2,Model 1,3,Model 1,Model 1,Model 2,4,P0142
9/6/2024 11:28:58,Model 2,Model 1,Model 2,Model 2,Model 2,Model 2,Model 1,Model 2,Model 2,7,Model 2,Model 1,Model 2,4,Model 1,Model 1,Model 1,Model 1,Model 2,Model 2,3,Model 1,Model 1,Model 2,4,P0143
9/6/2024 11:29:01,Model 2,Model 1,Model 2,Model 1,Model 1,Model 2,Model 2,Model 2,Model 1,7,Model 2,Model 2,Model 2,4,Model 1,Model 2,Model 1,Model 1,Model 2,Model 2,3,Model 2,Model 1,Model 1,4,P0144
9/6/2024 11:29:13,Model 2,Model 1,Model 1,Model 2,Model 2,Model 2,Model 2,Model 1,Model 2,7,Model 2,Model 2,Model 1,3,Model 1,Model 2,Model 1,Model 1,Model 2,Model 2,3,Model 1,Model 1,Model 2,3,P0145
9/6/2024 11:29:16,Model 1,Model 2,Model 2,Model 1,Model 1,Model 2,Model 1,Model 1,Model 1,7,Model 2,Model 2,Model 1,4,Model 1,Model 2,Model 1,Model 2,Model 2,Model 2,3,Model 2,Model 2,Model 2,4,P0146
9/6/2024 11:29:26,Model 2,Model 2,Model 2,Model 1,Model 2,Model 2,Model 2,Model 1,Model 2,7,Model 1,Model 2,Model 1,3,Model 2,Model 1,Model 1,Model 1,Model 2,Model 1,3,Model 2,Model 2,Model 2,2,P0147
9/6/2024 11:29:29,Model 2,Model 2,Model 2,Model 1,Model 2,Model 1,Model 2,Model 1,Model 1,7,Model 1,Model 1,Model 1,2,Model 1,Model 1,Model 1,Model 1,Model 2,Model 2,3,Model 2,Model 2,Model 2,2,P0148
9/6/2024 11:29:30,Model 2,Model 2,Model 2,Model 1,Model 1,Model 2,Model 1,Model 1,Model 2,7,Model 2,Model 2,Model 1,2,Model 2,Model 2,Model 2,Model 2,Model 2,Model 2,3,Model 2,Model 2,Model 2,2,P0149
9/6/2024 11:29:33,Model 1,Model 1,Model 1,Model 2,Model 2,Model 2,Model 1,Model 2,Model 1,7,Model 1,Model 1,Model 1,4,Model 1,Model 2,Model 1,Model 2,Model 2,Model 2,3,Model 1,Model 1,Model 1,5,P0150
9/6/2024 11:29:33,Model 1,Model 2,Model 1,Model 2,Model 2,Model 2,Model 2,Model 1,Model 1,7,Model 2,Model 2,Model 2,2,Model 2,Model 1,Model 1,Model 1,Model 2,Model 2,3,Model 1,Model 2,Model 2,4,P0151
9/6/2024 11:29:33,Model 2,Model 2,Model 2,Model 2,Model 2,Model 2,Model 2,Model 2,Model 1,7,Model 2,Model 1,Model 1,4,Model 1,Model 2,Model 1,Model 1,Model 2,Model 2,3,Model 2,Model 2,Model 2,4,P0152
9/6/2024 11:29:41,Model 2,Model 2,Model 2,Model 2,Model 2,Model 2,Model 2,Model 2,Model 1,7,Model 2,Model 1,Model 2,2,Model 1,Model 2,Model 1,Model 1,Model 1,Model 2,3,Model 1,Model 2,Model 1,3,P0153
9/6/2024 11:29:47,Model 1,Model 2,Model 1,Model 1,Model 1,Model 1,Model 1,Model 2,Model 1,7,Model 2,Model 1,Model 1,2,Model 1,Model 1,Model 1,Model 2,Model 1,Model 1,3,Model 2,Model 1,Model 2,3,P0154
9/6/2024 11:29:49,Model 1,Model 1,Model 2,Model 2,Model 2,Model 1,Model 2,Model 1,Model 1,7,Model 1,Model 2,Model 1,2,Model 1,Model 1,Model 1,Model 1,Model 1,Model 1,3,Model 2,Model 2,Model 2,4,P0155
9/6/2024 11:29:50,Model 2,Model 2,Model 1,Model 2,Model 2,Model 1,Model 2,Model 2,Model 1,7,Model 2,Model 1,Model 2,2,Model 1,Model 1,Model 1,Model 2,Model 2,Model 2,3,Model 2,Model 2,Model 2,2,P0156
9/6/2024 11:29:52,Model 2,Model 2,Model 2,Model 2,Model 2,Model 2,Model 1,Model 2,Model 1,7,Model 2,Model 2,Model 1,2,Model 2,Model 1,Model 2,Model 1,Model 2,Model 2,3,Model 2,Model 2,Model 2,3,P0157
9/6/2024 11:29:59,Model 2,Model 2,Model 2,Model 1,Model 2,Model 1,Model 2,Model 2,Model 1,7,Model 2,Model 1,Model 1,4,Model 1,Model 1,Model 1,Model 1,Model 1,Model 1,3,Model 1,Model 2,Model 2,5,P0158
9/6/2024 11:30:02,Model 1,Model 2,Model 2,Model 2,Model 2,Model 2,Model 1,Model 1,Model 2,7,Model 1,Model 1,Model 1,4,Model 2,Model 2,Model 1,Model 1,Model 1,Model 2,3,Model 2,Model 1,Model 1,4,P0159
9/6/2024 11:30:02,Model 2,Model 2,Model 2,Model 2,Model 2,Model 2,Model 1,Model 2,Model 1,7,Model 2,Model 1,Model 1,2,Model 2,Model 2,Model 1,Model 1,Model 2,Model 2,3,Model 2,Model 2,Model 1,2,P0160
9/6/2024 11:30:06,Model 1,Model 2,Model 1,Model 2,Model 2,Model 2,Model 1,Model 2,Model 1,7,Model 1,Model 1,Model 1,2,Model 2,Model 2,Model 1,Model 1,Model 2,Model 2,3,Model 2,Model 1,Model 1,5,P0161
9/6/2024 11:30:07,Model 2,Model 2,Model 2,Model 2,Model 2,Model 2,Model 2,Model 1,Model 1,7,Model 2,Model 1,Model 1,2,Model 1,Model 1,Model 2,Model 2,Model 2,Model 2,3,Model 2,Model 2,Model 2,2,P0162
9/6/2024 11:30:08,Model 2,Model 2,Model 1,Model 2,Model 2,Model 2,Model 1,Model 1,Model 1,7,Model 2,Model 1,Model 2,2,Model 2,Model 1,Model 1,Model 1,Model 2,Model 2,3,Model 2,Model 1,Model 1,4,P0163
9/6/2024 11:30:09,Model 2,Model 2,Model 2,Model 2,Model 2,Model 2,Model 1,Model 1,Model 1,7,Model 2,Model 1,Model 2,2,Model 1,Model 1,Model 1,Model 1,Model 2,Model 2,3,Model 2,Model 2,Model 2,3,P0164
9/6/2024 11:30:12,Model 2,Model 1,Model 1,Model 1,Model 2,Model 2,Model 1,Model 1,Model 1,7,Model 2,Model 2,Model 2,2,Model 1,Model 2,Model 1,Model 1,Model 2,Model 1,3,Model 1,Model 2,Model 2,2,P0165
9/6/2024 11:30:12,Model 2,Model 1,Model 2,Model 1,Model 2,Model 2,Model 2,Model 2,Model 1,7,Model 1,Model 1,Model 1,3,Model 1,Model 2,Model 2,Model 1,Model 2,Model 1,3,Model 2,Model 2,Model 2,3,P0166
9/6/2024 11:30:13,Model 1,Model 2,Model 2,Model 2,Model 2,Model 2,Model 1,Model 2,Model 1,7,Model 1,Model 1,Model 1,4,Model 2,Model 2,Model 2,Model 2,Model 2,Model 2,3,Model 1,Model 1,Model 1,4,P0167
9/6/2024 11:30:21,Model 2,Model 2,Model 2,Model 2,Model 2,Model 2,Model 2,Model 2,Model 1,7,Model 2,Model 1,Model 1,4,Model 1,Model 2,Model 1,Model 1,Model 2,Model 2,3,Model 2,Model 2,Model 2,3,P0168
9/6/2024 11:30:24,Model 1,Model 2,Model 1,Model 2,Model 2,Model 1,Model 2,Model 2,Model 1,7,Model 1,Model 1,Model 2,2,Model 1,Model 1,Model 1,Model 1,Model 1,Model 2,3,Model 1,Model 1,Model 1,1,P0169
9/6/2024 11:30:35,Model 1,Model 2,Model 2,Model 1,Model 2,Model 1,Model 2,Model 2,Model 2,7,Model 2,Model 1,Model 1,4,Model 2,Model 1,Model 1,Model 1,Model 1,Model 2,3,Model 2,Model 1,Model 1,4,P0170
9/6/2024 11:30:36,Model 2,Model 2,Model 2,Model 1,Model 1,Model 1,Model 1,Model 1,Model 1,7,Model 1,Model 1,Model 2,3,Model 1,Model 1,Model 1,Model 1,Model 1,Model 1,3,Model 2,Model 2,Model 2,2,P0171
9/6/2024 11:30:47,Model 2,Model 2,Model 2,Model 2,Model 2,Model 2,Model 2,Model 2,Model 2,7,Model 2,Model 1,Model 2,1,Model 1,Model 1,Model 1,Model 1,Model 2,Model 2,3,Model 2,Model 2,Model 2,1,P0172
9/6/2024 11:30:47,Model 2,Model 2,Model 2,Model 1,Model 2,Model 2,Model 2,Model 2,Model 1,7,Model 2,Model 2,Model 2,3,Model 1,Model 1,Model 1,Model 2,Model 2,Model 2,3,Model 2,Model 2,Model 2,2,P0173
9/6/2024 11:30:49,Model 2,Model 1,Model 1,Model 2,Model 2,Model 2,Model 2,Model 2,Model 2,7,Model 2,Model 1,Model 1,3,Model 1,Model 1,Model 1,Model 1,Model 2,Model 1,3,Model 2,Model 2,Model 1,3,P0174
9/6/2024 11:30:52,Model 1,Model 1,Model 1,Model 1,Model 2,Model 1,Model 1,Model 2,Model 1,7,Model 1,Model 2,Model 1,4,Model 1,Model 2,Model 1,Model 1,Model 1,Model 1,3,Model 2,Model 1,Model 2,4,P0175
9/6/2024 11:30:53,Model 2,Model 2,Model 2,Model 2,Model 2,Model 2,Model 2,Model 2,Model 2,7,Model 2,Model 2,Model 1,3,Model 2,Model 1,Model 2,Model 1,Model 1,Model 2,3,Model 2,Model 2,Model 1,4,P0176
9/6/2024 11:30:54,Model 2,Model 2,Model 2,Model 1,Model 2,Model 2,Model 1,Model 2,Model 1,7,Model 2,Model 1,Model 1,4,Model 1,Model 1,Model 1,Model 1,Model 2,Model 2,3,Model 2,Model 2,Model 2,5,P0177
9/6/2024 11:31:01,Model 2,Model 2,Model 2,Model 1,Model 1,Model 2,Model 1,Model 2,Model 1,7,Model 2,Model 1,Model 1,2,Model 1,Model 1,Model 1,Model 1,Model 2,Model 1,3,Model 2,Model 2,Model 1,2,P0136
9/6/2024 11:31:03,Model 1,Model 1,Model 1,Model 1,Model 2,Model 1,Model 1,Model 1,Model 1,7,Model 2,Model 2,Model 2,2,Model 2,Model 1,Model 2,Model 2,Model 2,Model 2,3,Model 2,Model 1,Model 2,4,P0178
9/6/2024 11:31:16,Model 1,Model 2,Model 1,Model 2,Model 2,Model 2,Model 2,Model 2,Model 1,7,Model 2,Model 1,Model 1,4,Model 2,Model 1,Model 2,Model 1,Model 2,Model 2,3,Model 2,Model 1,Model 2,4,P0179
9/6/2024 11:31:17,Model 1,Model 2,Model 2,Model 1,Model 2,Model 1,Model 2,Model 2,Model 1,7,Model 2,Model 2,Model 1,2,Model 2,Model 2,Model 2,Model 2,Model 2,Model 2,3,Model 2,Model 1,Model 1,3,P0180
9/6/2024 11:31:17,Model 2,Model 2,Model 1,Model 1,Model 1,Model 2,Model 1,Model 2,Model 2,7,Model 1,Model 2,Model 2,3,Model 1,Model 1,Model 2,Model 1,Model 2,Model 1,3,Model 2,Model 1,Model 2,2,P0147
9/6/2024 11:31:19,Model 1,Model 2,Model 2,Model 1,Model 1,Model 2,Model 1,Model 1,Model 1,7,Model 1,Model 2,Model 1,3,Model 1,Model 1,Model 1,Model 1,Model 1,Model 1,3,Model 1,Model 1,Model 1,3,P0181
9/6/2024 11:31:21,Model 2,Model 2,Model 2,Model 2,Model 2,Model 2,Model 2,Model 1,Model 1,7,Model 1,Model 1,Model 2,4,Model 1,Model 1,Model 2,Model 1,Model 2,Model 1,3,Model 2,Model 1,Model 2,4,P0182
9/6/2024 11:31:30,Model 1,Model 2,Model 1,Model 1,Model 1,Model 1,Model 1,Model 1,Model 1,7,Model 2,Model 2,Model 2,2,Model 1,Model 1,Model 1,Model 1,Model 1,Model 2,3,Model 2,Model 2,Model 1,2,P0183
9/6/2024 11:31:39,Model 1,Model 1,Model 1,Model 1,Model 1,Model 2,Model 1,Model 1,Model 1,7,Model 1,Model 1,Model 1,3,Model 1,Model 2,Model 1,Model 1,Model 1,Model 1,3,Model 1,Model 1,Model 2,3,P0184
9/6/2024 11:31:43,Model 1,Model 1,Model 1,Model 2,Model 2,Model 2,Model 2,Model 2,Model 1,7,Model 1,Model 1,Model 1,4,Model 1,Model 2,Model 1,Model 1,Model 2,Model 2,3,Model 1,Model 1,Model 1,3,P0185
9/6/2024 11:31:45,Model 2,Model 2,Model 1,Model 2,Model 2,Model 2,Model 2,Model 2,Model 2,7,Model 2,Model 2,Model 1,5,Model 1,Model 1,Model 1,Model 1,Model 2,Model 1,3,Model 2,Model 2,Model 1,4,P0186
9/6/2024 11:31:47,Model 2,Model 2,Model 2,Model 2,Model 1,Model 2,Model 2,Model 2,Model 1,7,Model 2,Model 1,Model 1,3,Model 1,Model 2,Model 1,Model 1,Model 1,Model 2,3,Model 2,Model 2,Model 2,3,P0187
9/6/2024 11:31:49,Model 2,Model 2,Model 1,Model 1,Model 1,Model 2,Model 1,Model 1,Model 1,7,Model 1,Model 1,Model 2,4,Model 2,Model 1,Model 1,Model 1,Model 1,Model 1,3,Model 2,Model 2,Model 2,2,P0188
9/6/2024 11:31:57,Model 2,Model 2,Model 2,Model 2,Model 1,Model 2,Model 2,Model 2,Model 2,7,Model 2,Model 1,Model 2,2,Model 1,Model 2,Model 1,Model 1,Model 2,Model 2,3,Model 1,Model 1,Model 1,2,P0189
9/6/2024 11:32:07,Model 2,Model 1,Model 1,Model 2,Model 2,Model 2,Model 2,Model 1,Model 2,7,Model 2,Model 1,Model 1,4,Model 1,Model 1,Model 1,Model 1,Model 2,Model 2,3,Model 2,Model 1,Model 2,4,P0190
9/6/2024 11:32:11,Model 2,Model 2,Model 1,Model 2,Model 2,Model 2,Model 1,Model 2,Model 2,7,Model 1,Model 1,Model 2,5,Model 2,Model 1,Model 1,Model 1,Model 1,Model 2,3,Model 2,Model 1,Model 2,5,P0191
9/6/2024 11:32:13,Model 2,Model 2,Model 1,Model 2,Model 1,Model 1,Model 2,Model 1,Model 1,7,Model 2,Model 2,Model 1,2,Model 1,Model 1,Model 1,Model 1,Model 2,Model 2,3,Model 1,Model 1,Model 2,3,P0192
9/6/2024 11:32:21,Model 1,Model 2,Model 1,Model 2,Model 2,Model 2,Model 2,Model 1,Model 1,7,Model 1,Model 1,Model 2,2,Model 1,Model 1,Model 1,Model 1,Model 2,Model 2,3,Model 2,Model 2,Model 2,2,P0193
9/6/2024 11:32:23,Model 2,Model 2,Model 2,Model 2,Model 2,Model 2,Model 2,Model 2,Model 2,7,Model 2,Model 1,Model 1,3,Model 1,Model 1,Model 2,Model 2,Model 2,Model 2,3,Model 2,Model 1,Model 1,4,P0194
9/6/2024 11:32:34,Model 1,Model 2,Model 1,Model 1,Model 1,Model 1,Model 2,Model 1,Model 1,7,Model 2,Model 1,Model 1,4,Model 1,Model 1,Model 2,Model 2,Model 1,Model 1,3,Model 2,Model 1,Model 2,4,P0195
9/6/2024 11:32:41,Model 2,Model 1,Model 2,Model 2,Model 2,Model 2,Model 1,Model 1,Model 2,7,Model 2,Model 1,Model 1,4,Model 1,Model 2,Model 1,Model 2,Model 2,Model 2,3,Model 1,Model 1,Model 2,4,P0196
9/6/2024 11:32:46,Model 2,Model 2,Model 1,Model 1,Model 2,Model 1,Model 2,Model 1,Model 1,7,Model 2,Model 2,Model 1,4,Model 1,Model 1,Model 1,Model 1,Model 1,Model 1,3,Model 1,Model 1,Model 1,4,P0197
9/6/2024 11:32:48,Model 2,Model 2,Model 1,Model 2,Model 2,Model 2,Model 1,Model 1,Model 1,7,Model 2,Model 1,Model 1,4,Model 2,Model 1,Model 2,Model 1,Model 1,Model 1,3,Model 2,Model 1,Model 2,3,P0198
9/6/2024 11:32:49,Model 2,Model 2,Model 2,Model 2,Model 2,Model 2,Model 1,Model 1,Model 1,7,Model 2,Model 1,Model 1,4,Model 1,Model 1,Model 2,Model 1,Model 2,Model 2,3,Model 2,Model 2,Model 2,2,P0199
9/6/2024 11:32:51,Model 2,Model 2,Model 2,Model 2,Model 2,Model 2,Model 2,Model 2,Model 2,7,Model 1,Model 1,Model 2,4,Model 2,Model 2,Model 2,Model 1,Model 1,Model 2,3,Model 2,Model 2,Model 2,3,P0176
9/6/2024 11:32:53,Model 2,Model 2,Model 2,Model 1,Model 2,Model 2,Model 2,Model 2,Model 2,7,Model 2,Model 1,Model 2,3,Model 2,Model 2,Model 2,Model 2,Model 2,Model 2,3,Model 2,Model 2,Model 1,3,P0200
9/6/2024 11:33:01,Model 2,Model 2,Model 2,Model 2,Model 2,Model 2,Model 1,Model 2,Model 1,7,Model 2,Model 1,Model 2,2,Model 2,Model 1,Model 1,Model 1,Model 2,Model 2,3,Model 1,Model 2,Model 1,1,P0201
9/6/2024 11:33:10,Model 2,Model 2,Model 2,Model 2,Model 2,Model 2,Model 2,Model 2,Model 2,7,Model 2,Model 2,Model 2,3,Model 1,Model 1,Model 1,Model 2,Model 2,Model 2,3,Model 1,Model 1,Model 1,4,P0202
9/6/2024 11:33:15,Model 2,Model 1,Model 1,Model 2,Model 1,Model 1,Model 1,Model 1,Model 1,7,Model 2,Model 2,Model 1,1,Model 1,Model 2,Model 1,Model 2,Model 1,Model 1,3,Model 2,Model 1,Model 2,1,P0203
9/6/2024 11:33:20,Model 1,Model 2,Model 2,Model 1,Model 1,Model 1,Model 2,Model 1,Model 1,7,Model 2,Model 2,Model 1,4,Model 2,Model 2,Model 2,Model 2,Model 2,Model 2,3,Model 1,Model 1,Model 2,4,P0204
9/6/2024 11:33:35,Model 2,Model 2,Model 2,Model 2,Model 2,Model 2,Model 2,Model 1,Model 1,7,Model 2,Model 1,Model 1,4,Model 1,Model 1,Model 2,Model 1,Model 2,Model 2,3,Model 1,Model 1,Model 1,3,P0205
9/6/2024 11:33:36,Model 2,Model 2,Model 2,Model 1,Model 2,Model 1,Model 1,Model 1,Model 1,7,Model 2,Model 2,Model 1,2,Model 1,Model 1,Model 1,Model 1,Model 2,Model 2,3,Model 1,Model 1,Model 1,2,P0206
9/6/2024 11:33:36,Model 2,Model 2,Model 2,Model 2,Model 2,Model 2,Model 2,Model 2,Model 2,7,Model 1,Model 2,Model 1,3,Model 1,Model 2,Model 1,Model 2,Model 2,Model 2,3,Model 2,Model 2,Model 1,4,P0194
9/6/2024 11:33:36,Model 1,Model 2,Model 2,Model 1,Model 2,Model 2,Model 2,Model 2,Model 2,7,Model 2,Model 2,Model 1,2,Model 2,Model 2,Model 1,Model 1,Model 2,Model 2,3,Model 2,Model 1,Model 2,2,P0207
9/6/2024 11:33:37,Model 2,Model 2,Model 1,Model 2,Model 2,Model 2,Model 2,Model 2,Model 1,7,Model 2,Model 1,Model 2,4,Model 1,Model 2,Model 1,Model 1,Model 2,Model 2,3,Model 2,Model 2,Model 2,2,P0208
9/6/2024 11:33:44,Model 2,Model 1,Model 2,Model 1,Model 2,Model 2,Model 1,Model 1,Model 2,7,Model 2,Model 1,Model 1,3,Model 1,Model 2,Model 2,Model 1,Model 2,Model 2,3,Model 2,Model 1,Model 2,4,P0209
9/6/2024 11:33:47,Model 1,Model 2,Model 2,Model 2,Model 2,Model 2,Model 1,Model 1,Model 1,7,Model 2,Model 2,Model 1,4,Model 1,Model 2,Model 1,Model 1,Model 2,Model 1,3,Model 2,Model 2,Model 2,3,P0210
9/6/2024 11:33:50,Model 2,Model 2,Model 2,Model 2,Model 2,Model 1,Model 1,Model 2,Model 1,7,Model 2,Model 2,Model 2,2,Model 1,Model 2,Model 2,Model 2,Model 2,Model 2,3,Model 1,Model 2,Model 1,3,P0211
9/6/2024 11:33:55,Model 2,Model 2,Model 1,Model 2,Model 1,Model 1,Model 2,Model 1,Model 1,7,Model 1,Model 2,Model 1,3,Model 1,Model 2,Model 1,Model 1,Model 1,Model 2,3,Model 1,Model 1,Model 1,3,P0212
9/6/2024 11:34:05,Model 1,Model 2,Model 1,Model 1,Model 2,Model 1,Model 1,Model 2,Model 1,7,Model 2,Model 1,Model 1,2,Model 1,Model 2,Model 1,Model 1,Model 2,Model 2,3,Model 2,Model 1,Model 1,2,P0213
9/6/2024 11:34:09,Model 1,Model 1,Model 1,Model 2,Model 2,Model 2,Model 2,Model 1,Model 1,7,Model 1,Model 1,Model 2,4,Model 2,Model 2,Model 1,Model 1,Model 2,Model 2,3,Model 2,Model 1,Model 1,3,P0214
9/6/2024 11:34:11,Model 2,Model 1,Model 2,Model 2,Model 1,Model 1,Model 1,Model 1,Model 2,7,Model 2,Model 2,Model 1,4,Model 1,Model 1,Model 1,Model 2,Model 1,Model 1,3,Model 2,Model 1,Model 1,4,P0215
9/6/2024 11:34:11,Model 1,Model 1,Model 1,Model 1,Model 1,Model 1,Model 1,Model 1,Model 1,7,Model 2,Model 1,Model 1,4,Model 1,Model 1,Model 1,Model 1,Model 1,Model 1,3,Model 1,Model 1,Model 2,4,P0216
9/6/2024 11:34:11,Model 2,Model 2,Model 2,Model 2,Model 2,Model 2,Model 2,Model 2,Model 2,7,Model 2,Model 1,Model 2,4,Model 1,Model 1,Model 1,Model 1,Model 2,Model 2,3,Model 2,Model 2,Model 1,4,P0217
9/6/2024 11:34:28,Model 2,Model 2,Model 2,Model 2,Model 2,Model 2,Model 2,Model 2,Model 2,7,Model 2,Model 1,Model 2,4,Model 1,Model 2,Model 1,Model 1,Model 2,Model 2,3,Model 2,Model 2,Model 2,4,P0218
9/6/2024 11:34:30,Model 2,Model 1,Model 2,Model 1,Model 1,Model 1,Model 1,Model 2,Model 1,7,Model 1,Model 2,Model 1,2,Model 1,Model 2,Model 1,Model 1,Model 1,Model 1,3,Model 2,Model 1,Model 2,2,P0219
9/6/2024 11:34:39,Model 2,Model 2,Model 1,Model 2,Model 2,Model 2,Model 2,Model 1,Model 1,7,Model 1,Model 1,Model 1,2,Model 1,Model 1,Model 1,Model 1,Model 2,Model 2,3,Model 2,Model 1,Model 2,4,P0220
9/6/2024 11:34:42,Model 1,Model 2,Model 1,Model 2,Model 1,Model 2,Model 1,Model 1,Model 1,7,Model 2,Model 1,Model 1,2,Model 1,Model 2,Model 1,Model 1,Model 2,Model 2,3,Model 2,Model 1,Model 1,2,P0221
9/6/2024 11:34:42,Model 2,Model 2,Model 2,Model 1,Model 2,Model 2,Model 2,Model 2,Model 2,7,Model 1,Model 1,Model 2,2,Model 1,Model 1,Model 1,Model 1,Model 2,Model 1,3,Model 2,Model 2,Model 2,3,P0222
9/6/2024 11:34:49,Model 2,Model 2,Model 2,Model 2,Model 2,Model 2,Model 1,Model 2,Model 1,7,Model 2,Model 1,Model 1,2,Model 1,Model 1,Model 1,Model 2,Model 2,Model 2,3,Model 2,Model 1,Model 2,3,P0223
9/6/2024 11:34:58,Model 2,Model 2,Model 2,Model 2,Model 2,Model 2,Model 1,Model 2,Model 1,7,Model 2,Model 1,Model 2,2,Model 2,Model 2,Model 1,Model 1,Model 2,Model 2,3,Model 2,Model 2,Model 1,1,P0201
9/6/2024 11:35:05,Model 1,Model 2,Model 1,Model 1,Model 1,Model 2,Model 1,Model 2,Model 1,7,Model 2,Model 1,Model 2,2,Model 1,Model 1,Model 1,Model 2,Model 2,Model 2,3,Model 1,Model 2,Model 2,3,P0224
9/6/2024 11:35:07,Model 1,Model 2,Model 1,Model 1,Model 2,Model 1,Model 2,Model 1,Model 2,7,Model 1,Model 1,Model 1,4,Model 2,Model 2,Model 1,Model 1,Model 2,Model 2,3,Model 1,Model 1,Model 1,3,P0225
9/6/2024 11:35:07,Model 2,Model 2,Model 2,Model 1,Model 1,Model 2,Model 2,Model 2,Model 1,7,Model 1,Model 1,Model 1,4,Model 1,Model 1,Model 1,Model 1,Model 2,Model 2,3,Model 1,Model 2,Model 2,4,P0226
9/6/2024 11:35:14,Model 1,Model 2,Model 1,Model 1,Model 2,Model 1,Model 2,Model 2,Model 2,7,Model 2,Model 2,Model 1,4,Model 1,Model 2,Model 1,Model 1,Model 2,Model 2,3,Model 1,Model 2,Model 2,4,P0227
9/6/2024 11:35:14,Model 2,Model 2,Model 2,Model 2,Model 2,Model 2,Model 1,Model 2,Model 1,7,Model 2,Model 1,Model 1,3,Model 1,Model 2,Model 1,Model 1,Model 2,Model 2,3,Model 1,Model 1,Model 2,3,P0228
9/6/2024 11:35:19,Model 2,Model 2,Model 2,Model 1,Model 2,Model 1,Model 2,Model 2,Model 2,7,Model 2,Model 2,Model 1,5,Model 1,Model 1,Model 1,Model 2,Model 2,Model 2,3,Model 2,Model 2,Model 2,5,P0229
9/6/2024 11:35:28,Model 2,Model 1,Model 1,Model 1,Model 1,Model 1,Model 1,Model 1,Model 1,7,Model 2,Model 1,Model 1,4,Model 1,Model 1,Model 1,Model 2,Model 2,Model 2,3,Model 2,Model 1,Model 2,4,P0230
9/6/2024 11:35:28,Model 2,Model 1,Model 2,Model 2,Model 2,Model 2,Model 1,Model 2,Model 2,7,Model 2,Model 1,Model 1,3,Model 1,Model 2,Model 2,Model 2,Model 2,Model 2,3,Model 2,Model 2,Model 2,3,P0231
9/6/2024 11:35:28,Model 2,Model 2,Model 1,Model 2,Model 1,Model 2,Model 2,Model 2,Model 1,7,Model 2,Model 1,Model 2,2,Model 1,Model 1,Model 1,Model 1,Model 1,Model 2,3,Model 1,Model 1,Model 2,2,P0232
9/6/2024 11:35:34,Model 1,Model 2,Model 1,Model 1,Model 1,Model 1,Model 1,Model 1,Model 1,7,Model 1,Model 1,Model 1,3,Model 1,Model 1,Model 1,Model 1,Model 1,Model 1,3,Model 1,Model 1,Model 1,2,P0233
9/6/2024 11:35:41,Model 1,Model 2,Model 1,Model 1,Model 1,Model 1,Model 1,Model 1,Model 1,7,Model 2,Model 2,Model 2,4,Model 1,Model 1,Model 1,Model 1,Model 1,Model 2,3,Model 2,Model 1,Model 2,4,P0234
9/6/2024 11:35:43,Model 2,Model 1,Model 1,Model 2,Model 2,Model 2,Model 2,Model 1,Model 1,7,Model 1,Model 1,Model 1,2,Model 1,Model 2,Model 1,Model 1,Model 2,Model 2,3,Model 2,Model 2,Model 1,2,P0235
9/6/2024 11:35:43,Model 2,Model 2,Model 2,Model 2,Model 2,Model 2,Model 2,Model 2,Model 2,7,Model 2,Model 1,Model 1,4,Model 1,Model 2,Model 1,Model 1,Model 1,Model 1,3,Model 2,Model 2,Model 2,3,P0236
9/6/2024 11:35:47,Model 2,Model 2,Model 2,Model 2,Model 2,Model 2,Model 2,Model 2,Model 2,7,Model 2,Model 1,Model 2,4,Model 2,Model 2,Model 1,Model 1,Model 2,Model 2,3,Model 1,Model 2,Model 1,4,P0237
9/6/2024 11:35:50,Model 2,Model 2,Model 2,Model 2,Model 2,Model 2,Model 2,Model 2,Model 2,7,Model 2,Model 1,Model 1,2,Model 1,Model 1,Model 1,Model 1,Model 2,Model 2,3,Model 2,Model 1,Model 1,3,P0238
9/6/2024 11:35:51,Model 1,Model 2,Model 1,Model 1,Model 1,Model 1,Model 2,Model 1,Model 1,7,Model 2,Model 1,Model 2,2,Model 1,Model 1,Model 1,Model 1,Model 1,Model 1,3,Model 2,Model 2,Model 1,2,P0239
9/6/2024 11:35:52,Model 2,Model 2,Model 2,Model 2,Model 2,Model 2,Model 1,Model 2,Model 1,7,Model 2,Model 1,Model 2,3,Model 1,Model 2,Model 2,Model 2,Model 2,Model 1,3,Model 1,Model 2,Model 1,3,P0240
9/6/2024 11:35:53,Model 1,Model 1,Model 1,Model 2,Model 2,Model 1,Model 2,Model 1,Model 1,7,Model 2,Model 2,Model 1,5,Model 1,Model 2,Model 1,Model 2,Model 2,Model 1,3,Model 1,Model 1,Model 2,5,P0241
9/6/2024 11:35:56,Model 1,Model 2,Model 1,Model 1,Model 1,Model 1,Model 2,Model 2,Model 1,7,Model 2,Model 2,Model 2,4,Model 1,Model 1,Model 2,Model 1,Model 1,Model 2,3,Model 2,Model 2,Model 1,3,P0195
9/6/2024 11:36:04,Model 2,Model 2,Model 2,Model 2,Model 2,Model 2,Model 1,Model 1,Model 1,7,Model 2,Model 1,Model 1,2,Model 1,Model 1,Model 1,Model 1,Model 1,Model 2,3,Model 1,Model 2,Model 1,3,P0242
9/6/2024 11:36:05,Model 2,Model 2,Model 1,Model 2,Model 2,Model 2,Model 2,Model 1,Model 2,7,Model 2,Model 1,Model 2,3,Model 1,Model 1,Model 1,Model 2,Model 2,Model 2,3,Model 2,Model 2,Model 1,2,P0243
9/6/2024 11:36:15,Model 1,Model 2,Model 1,Model 1,Model 2,Model 1,Model 1,Model 1,Model 1,7,Model 2,Model 2,Model 1,4,Model 1,Model 1,Model 2,Model 1,Model 2,Model 1,3,Model 2,Model 1,Model 1,4,P0244
9/6/2024 11:36:17,Model 2,Model 2,Model 2,Model 1,Model 1,Model 1,Model 1,Model 1,Model 1,7,Model 1,Model 1,Model 1,3,Model 1,Model 2,Model 1,Model 1,Model 2,Model 2,3,Model 1,Model 2,Model 2,3,P0245
9/6/2024 11:36:18,Model 1,Model 2,Model 2,Model 1,Model 2,Model 2,Model 1,Model 2,Model 1,7,Model 2,Model 2,Model 1,2,Model 1,Model 1,Model 2,Model 1,Model 2,Model 2,3,Model 1,Model 1,Model 1,2,P0246
9/6/2024 11:36:21,Model 1,Model 2,Model 2,Model 1,Model 1,Model 1,Model 1,Model 2,Model 1,7,Model 1,Model 1,Model 1,4,Model 1,Model 1,Model 1,Model 1,Model 2,Model 1,3,Model 1,Model 1,Model 1,3,P0247
9/6/2024 11:36:24,Model 1,Model 1,Model 1,Model 2,Model 2,Model 2,Model 1,Model 2,Model 1,7,Model 1,Model 1,Model 1,2,Model 1,Model 2,Model 2,Model 1,Model 2,Model 2,3,Model 1,Model 1,Model 1,2,P0248
9/6/2024 11:36:27,Model 2,Model 2,Model 2,Model 1,Model 1,Model 2,Model 1,Model 1,Model 1,7,Model 2,Model 2,Model 2,4,Model 2,Model 2,Model 1,Model 2,Model 2,Model 2,3,Model 1,Model 1,Model 2,4,P0249
9/6/2024 11:36:27,Model 1,Model 2,Model 2,Model 2,Model 2,Model 1,Model 1,Model 1,Model 2,7,Model 2,Model 1,Model 1,3,Model 1,Model 2,Model 2,Model 1,Model 2,Model 1,3,Model 1,Model 1,Model 2,3,P0250
9/6/2024 11:36:32,Model 2,Model 1,Model 1,Model 2,Model 1,Model 2,Model 1,Model 1,Model 1,7,Model 2,Model 2,Model 2,4,Model 2,Model 2,Model 2,Model 2,Model 2,Model 2,3,Model 2,Model 1,Model 1,4,P0251
9/6/2024 11:36:34,Model 2,Model 2,Model 2,Model 2,Model 2,Model 2,Model 2,Model 2,Model 2,7,Model 2,Model 2,Model 1,2,Model 2,Model 2,Model 1,Model 1,Model 2,Model 2,3,Model 2,Model 1,Model 2,4,P0252
9/6/2024 11:36:42,Model 2,Model 2,Model 2,Model 2,Model 2,Model 2,Model 2,Model 2,Model 2,7,Model 2,Model 1,Model 2,4,Model 2,Model 2,Model 2,Model 1,Model 2,Model 2,3,Model 2,Model 2,Model 1,5,P0253
9/6/2024 11:36:43,Model 1,Model 2,Model 1,Model 2,Model 1,Model 2,Model 1,Model 1,Model 1,7,Model 2,Model 1,Model 2,4,Model 1,Model 2,Model 1,Model 1,Model 2,Model 2,3,Model 2,Model 1,Model 1,4,P0254
9/6/2024 11:37:04,Model 2,Model 1,Model 2,Model 2,Model 2,Model 2,Model 2,Model 2,Model 2,7,Model 2,Model 2,Model 1,4,Model 2,Model 1,Model 1,Model 1,Model 2,Model 2,3,Model 2,Model 2,Model 1,4,P0255
9/6/2024 11:37:06,Model 1,Model 2,Model 1,Model 1,Model 1,Model 2,Model 2,Model 1,Model 2,7,Model 1,Model 2,Model 2,3,Model 2,Model 2,Model 1,Model 1,Model 1,Model 2,3,Model 2,Model 2,Model 2,3,P0256
9/6/2024 11:37:06,Model 1,Model 2,Model 1,Model 2,Model 2,Model 2,Model 2,Model 1,Model 1,7,Model 2,Model 2,Model 1,4,Model 1,Model 1,Model 2,Model 2,Model 2,Model 2,3,Model 2,Model 2,Model 2,2,P0257
9/6/2024 11:37:11,Model 1,Model 1,Model 1,Model 1,Model 1,Model 2,Model 1,Model 2,Model 1,7,Model 1,Model 1,Model 1,5,Model 1,Model 1,Model 1,Model 1,Model 2,Model 1,3,Model 2,Model 1,Model 1,4,P0258
9/6/2024 11:37:11,Model 2,Model 2,Model 1,Model 2,Model 1,Model 2,Model 1,Model 2,Model 1,7,Model 1,Model 1,Model 2,4,Model 1,Model 1,Model 1,Model 1,Model 2,Model 2,3,Model 2,Model 2,Model 2,4,P0259
9/6/2024 11:37:12,Model 2,Model 2,Model 2,Model 1,Model 2,Model 2,Model 2,Model 1,Model 2,7,Model 2,Model 2,Model 2,4,Model 2,Model 1,Model 2,Model 2,Model 2,Model 2,3,Model 2,Model 2,Model 1,4,P0260
9/6/2024 11:37:18,Model 2,Model 2,Model 2,Model 2,Model 2,Model 2,Model 2,Model 2,Model 2,7,Model 2,Model 2,Model 1,2,Model 1,Model 2,Model 1,Model 2,Model 1,Model 1,3,Model 1,Model 1,Model 1,2,P0261
9/6/2024 11:37:24,Model 2,Model 1,Model 2,Model 2,Model 2,Model 2,Model 1,Model 1,Model 1,7,Model 2,Model 1,Model 1,2,Model 2,Model 1,Model 1,Model 2,Model 1,Model 2,3,Model 2,Model 2,Model 2,5,P0262
9/6/2024 11:37:34,Model 1,Model 1,Model 1,Model 1,Model 2,Model 2,Model 1,Model 1,Model 1,7,Model 2,Model 2,Model 2,4,Model 1,Model 1,Model 2,Model 1,Model 2,Model 2,3,Model 2,Model 2,Model 2,5,P0263
9/6/2024 11:37:36,Model 1,Model 2,Model 2,Model 1,Model 2,Model 1,Model 2,Model 1,Model 1,7,Model 1,Model 1,Model 2,4,Model 2,Model 2,Model 1,Model 1,Model 2,Model 1,3,Model 2,Model 2,Model 2,5,P0264
9/6/2024 11:37:36,Model 1,Model 2,Model 1,Model 2,Model 1,Model 2,Model 1,Model 2,Model 1,7,Model 2,Model 1,Model 1,2,Model 1,Model 2,Model 1,Model 1,Model 1,Model 2,3,Model 1,Model 1,Model 1,4,P0265
9/6/2024 11:37:54,Model 1,Model 1,Model 1,Model 1,Model 1,Model 1,Model 2,Model 2,Model 1,7,Model 1,Model 2,Model 1,4,Model 1,Model 2,Model 1,Model 1,Model 2,Model 2,3,Model 2,Model 2,Model 1,4,P0266
9/6/2024 11:38:01,Model 2,Model 2,Model 2,Model 2,Model 2,Model 2,Model 2,Model 2,Model 1,7,Model 2,Model 2,Model 2,1,Model 1,Model 1,Model 1,Model 2,Model 2,Model 2,3,Model 2,Model 1,Model 1,1,P0267
9/6/2024 11:38:04,Model 2,Model 2,Model 2,Model 1,Model 2,Model 2,Model 2,Model 2,Model 1,7,Model 2,Model 1,Model 1,4,Model 1,Model 1,Model 1,Model 1,Model 2,Model 2,3,Model 1,Model 1,Model 1,2,P0268
9/6/2024 11:38:07,Model 2,Model 2,Model 2,Model 2,Model 1,Model 2,Model 1,Model 2,Model 1,7,Model 2,Model 1,Model 2,4,Model 1,Model 1,Model 1,Model 1,Model 1,Model 2,3,Model 2,Model 2,Model 2,4,P0269
9/6/2024 11:38:08,Model 1,Model 2,Model 1,Model 1,Model 2,Model 2,Model 2,Model 2,Model 2,7,Model 2,Model 1,Model 2,2,Model 2,Model 1,Model 2,Model 1,Model 2,Model 1,3,Model 1,Model 1,Model 1,2,P0270
9/6/2024 11:38:11,Model 1,Model 2,Model 2,Model 1,Model 2,Model 2,Model 2,Model 2,Model 2,7,Model 2,Model 1,Model 1,4,Model 1,Model 2,Model 1,Model 1,Model 1,Model 2,3,Model 1,Model 1,Model 2,4,P0227
9/6/2024 11:38:17,Model 1,Model 2,Model 1,Model 1,Model 1,Model 2,Model 1,Model 2,Model 1,7,Model 2,Model 1,Model 1,2,Model 2,Model 2,Model 2,Model 1,Model 2,Model 2,3,Model 1,Model 1,Model 1,3,P0271
9/6/2024 11:38:32,Model 2,Model 2,Model 2,Model 2,Model 2,Model 2,Model 2,Model 2,Model 2,7,Model 2,Model 2,Model 2,1,Model 1,Model 1,Model 2,Model 2,Model 2,Model 2,3,Model 2,Model 2,Model 2,1,P0272
9/6/2024 11:38:33,Model 1,Model 2,Model 1,Model 1,Model 1,Model 1,Model 1,Model 1,Model 1,7,Model 2,Model 2,Model 1,3,Model 1,Model 2,Model 1,Model 1,Model 2,Model 1,3,Model 2,Model 1,Model 2,3,P0273
9/6/2024 11:38:42,Model 2,Model 2,Model 1,Model 2,Model 2,Model 2,Model 1,Model 2,Model 1,7,Model 1,Model 1,Model 2,4,Model 1,Model 1,Model 1,Model 1,Model 2,Model 2,3,Model 1,Model 1,Model 2,4,P0274
9/6/2024 11:38:54,Model 1,Model 2,Model 2,Model 2,Model 2,Model 2,Model 1,Model 2,Model 1,7,Model 2,Model 1,Model 2,4,Model 1,Model 1,Model 1,Model 1,Model 2,Model 2,3,Model 1,Model 2,Model 1,4,P0275
9/6/2024 11:38:59,Model 2,Model 2,Model 2,Model 2,Model 2,Model 2,Model 2,Model 2,Model 2,7,Model 2,Model 2,Model 1,2,Model 1,Model 2,Model 1,Model 1,Model 1,Model 1,3,Model 2,Model 1,Model 2,1,P0276
9/6/2024 11:39:00,Model 2,Model 2,Model 2,Model 2,Model 2,Model 2,Model 2,Model 2,Model 1,7,Model 2,Model 2,Model 2,4,Model 2,Model 1,Model 1,Model 1,Model 2,Model 2,3,Model 2,Model 2,Model 1,4,P0260
9/6/2024 11:39:00,Model 2,Model 1,Model 1,Model 2,Model 2,Model 1,Model 1,Model 1,Model 2,7,Model 1,Model 2,Model 1,4,Model 1,Model 1,Model 1,Model 2,Model 2,Model 1,3,Model 1,Model 1,Model 2,4,P0277
9/6/2024 11:39:15,Model 2,Model 2,Model 2,Model 2,Model 2,Model 2,Model 1,Model 2,Model 1,7,Model 2,Model 1,Model 2,2,Model 2,Model 1,Model 1,Model 1,Model 2,Model 2,3,Model 1,Model 1,Model 2,2,P0278
9/6/2024 11:39:16,Model 2,Model 2,Model 2,Model 1,Model 1,Model 2,Model 1,Model 2,Model 1,7,Model 1,Model 1,Model 1,4,Model 1,Model 1,Model 1,Model 1,Model 1,Model 2,3,Model 2,Model 2,Model 2,4,P0279
9/6/2024 11:39:20,Model 2,Model 2,Model 2,Model 2,Model 2,Model 2,Model 2,Model 2,Model 1,7,Model 1,Model 1,Model 1,2,Model 1,Model 1,Model 1,Model 1,Model 1,Model 2,3,Model 1,Model 2,Model 2,2,P0280
9/6/2024 11:39:36,Model 2,Model 2,Model 2,Model 2,Model 1,Model 2,Model 2,Model 2,Model 1,7,Model 2,Model 2,Model 1,4,Model 1,Model 2,Model 1,Model 1,Model 2,Model 2,3,Model 2,Model 2,Model 1,3,P0281
9/6/2024 11:39:56,Model 1,Model 2,Model 1,Model 2,Model 1,Model 2,Model 1,Model 2,Model 1,7,Model 1,Model 1,Model 2,2,Model 1,Model 1,Model 1,Model 1,Model 2,Model 1,3,Model 1,Model 1,Model 1,2,P0282
9/6/2024 11:39:57,Model 2,Model 2,Model 2,Model 2,Model 1,Model 2,Model 2,Model 1,Model 2,7,Model 2,Model 1,Model 1,4,Model 1,Model 2,Model 1,Model 1,Model 2,Model 2,3,Model 1,Model 1,Model 2,3,P0283
9/6/2024 11:40:00,Model 2,Model 2,Model 2,Model 2,Model 2,Model 2,Model 2,Model 2,Model 1,7,Model 2,Model 2,Model 2,1,Model 1,Model 1,Model 2,Model 2,Model 2,Model 2,3,Model 2,Model 2,Model 2,1,P0272
9/6/2024 11:40:04,Model 2,Model 2,Model 2,Model 2,Model 2,Model 2,Model 1,Model 2,Model 1,7,Model 2,Model 1,Model 1,4,Model 1,Model 2,Model 2,Model 1,Model 2,Model 2,3,Model 1,Model 2,Model 1,3,P0284
9/6/2024 11:40:07,Model 2,Model 1,Model 1,Model 1,Model 2,Model 1,Model 2,Model 1,Model 1,7,Model 2,Model 1,Model 1,2,Model 1,Model 1,Model 1,Model 1,Model 2,Model 2,3,Model 1,Model 1,Model 2,1,P0285
9/6/2024 11:40:12,Model 2,Model 2,Model 2,Model 2,Model 2,Model 2,Model 2,Model 2,Model 2,7,Model 2,Model 1,Model 2,4,Model 2,Model 2,Model 2,Model 1,Model 2,Model 2,3,Model 2,Model 2,Model 1,4,P0286
9/6/2024 11:40:13,Model 2,Model 2,Model 2,Model 1,Model 2,Model 1,Model 2,Model 2,Model 2,7,Model 1,Model 1,Model 2,4,Model 1,Model 2,Model 2,Model 1,Model 1,Model 2,3,Model 1,Model 2,Model 2,4,P0287
9/6/2024 11:40:29,Model 2,Model 2,Model 2,Model 2,Model 1,Model 1,Model 1,Model 2,Model 1,7,Model 2,Model 1,Model 1,3,Model 1,Model 2,Model 2,Model 1,Model 1,Model 2,3,Model 1,Model 1,Model 1,3,P0288
9/6/2024 11:40:40,Model 2,Model 2,Model 2,Model 2,Model 2,Model 2,Model 1,Model 2,Model 1,7,Model 2,Model 2,Model 2,3,Model 2,Model 2,Model 2,Model 1,Model 2,Model 2,3,Model 1,Model 2,Model 1,3,P0289
9/6/2024 11:40:48,Model 2,Model 2,Model 2,Model 2,Model 2,Model 2,Model 1,Model 1,Model 1,7,Model 2,Model 2,Model 1,2,Model 1,Model 1,Model 1,Model 2,Model 2,Model 2,3,Model 2,Model 2,Model 1,3,P0290
9/6/2024 11:40:54,Model 1,Model 1,Model 1,Model 2,Model 2,Model 1,Model 2,Model 2,Model 1,7,Model 2,Model 2,Model 1,3,Model 1,Model 2,Model 2,Model 1,Model 1,Model 2,3,Model 2,Model 1,Model 2,3,P0291
9/6/2024 11:40:55,Model 2,Model 2,Model 2,Model 2,Model 1,Model 1,Model 1,Model 1,Model 1,7,Model 2,Model 1,Model 1,4,Model 1,Model 2,Model 2,Model 2,Model 2,Model 2,3,Model 2,Model 1,Model 2,3,P0292
9/6/2024 11:41:06,Model 1,Model 2,Model 2,Model 2,Model 2,Model 2,Model 2,Model 2,Model 1,7,Model 2,Model 2,Model 1,2,Model 1,Model 1,Model 1,Model 1,Model 2,Model 2,3,Model 1,Model 1,Model 1,3,P0293
9/6/2024 11:41:06,Model 1,Model 1,Model 1,Model 2,Model 1,Model 2,Model 1,Model 2,Model 1,7,Model 1,Model 1,Model 1,4,Model 2,Model 1,Model 1,Model 1,Model 1,Model 1,3,Model 2,Model 2,Model 1,4,P0294
9/6/2024 11:41:11,Model 1,Model 1,Model 1,Model 2,Model 1,Model 2,Model 2,Model 1,Model 1,7,Model 2,Model 1,Model 1,4,Model 1,Model 1,Model 2,Model 1,Model 1,Model 2,3,Model 2,Model 2,Model 2,4,P0295
9/6/2024 11:41:14,Model 2,Model 2,Model 2,Model 2,Model 2,Model 2,Model 2,Model 2,Model 2,7,Model 2,Model 1,Model 1,4,Model 1,Model 2,Model 2,Model 2,Model 2,Model 2,3,Model 2,Model 1,Model 2,4,P0296
9/6/2024 11:41:17,Model 2,Model 2,Model 2,Model 2,Model 2,Model 2,Model 2,Model 2,Model 1,7,Model 2,Model 2,Model 1,4,Model 1,Model 2,Model 2,Model 2,Model 2,Model 2,3,Model 2,Model 1,Model 2,3,P0297
9/6/2024 11:41:22,Model 2,Model 2,Model 2,Model 2,Model 1,Model 2,Model 1,Model 2,Model 1,7,Model 1,Model 1,Model 2,4,Model 2,Model 1,Model 1,Model 1,Model 1,Model 2,3,Model 1,Model 1,Model 1,2,P0298
9/6/2024 11:41:24,Model 2,Model 2,Model 2,Model 1,Model 2,Model 2,Model 1,Model 1,Model 2,7,Model 1,Model 1,Model 1,3,Model 1,Model 1,Model 1,Model 1,Model 2,Model 2,3,Model 1,Model 1,Model 1,3,P0299
9/6/2024 11:41:28,Model 1,Model 1,Model 1,Model 2,Model 2,Model 2,Model 1,Model 2,Model 1,7,Model 2,Model 2,Model 1,2,Model 2,Model 1,Model 2,Model 1,Model 2,Model 1,3,Model 1,Model 2,Model 1,2,P0300
9/6/2024 11:41:29,Model 2,Model 1,Model 2,Model 1,Model 2,Model 2,Model 1,Model 2,Model 1,7,Model 1,Model 1,Model 1,3,Model 1,Model 2,Model 2,Model 2,Model 1,Model 1,3,Model 1,Model 1,Model 1,1,P0301
9/6/2024 11:41:36,Model 1,Model 1,Model 1,Model 1,Model 1,Model 1,Model 1,Model 1,Model 1,7,Model 1,Model 1,Model 2,2,Model 2,Model 2,Model 1,Model 1,Model 2,Model 2,3,Model 2,Model 1,Model 2,2,P0302
9/6/2024 11:41:42,Model 2,Model 1,Model 1,Model 1,Model 2,Model 1,Model 2,Model 1,Model 1,7,Model 2,Model 1,Model 1,2,Model 1,Model 1,Model 1,Model 2,Model 2,Model 2,3,Model 1,Model 1,Model 2,1,P0303
9/6/2024 11:41:43,Model 1,Model 1,Model 1,Model 1,Model 1,Model 1,Model 1,Model 1,Model 1,7,Model 2,Model 1,Model 1,3,Model 1,Model 2,Model 1,Model 1,Model 2,Model 1,3,Model 1,Model 1,Model 1,3,P0304
9/6/2024 11:41:44,Model 1,Model 1,Model 1,Model 2,Model 2,Model 2,Model 2,Model 2,Model 1,7,Model 2,Model 1,Model 2,4,Model 2,Model 1,Model 1,Model 2,Model 2,Model 2,3,Model 2,Model 2,Model 2,4,P0305
9/6/2024 11:41:49,Model 2,Model 2,Model 1,Model 1,Model 2,Model 1,Model 1,Model 1,Model 1,7,Model 2,Model 2,Model 1,2,Model 1,Model 1,Model 1,Model 1,Model 1,Model 2,3,Model 2,Model 2,Model 2,3,P0306
9/6/2024 11:41:56,Model 1,Model 2,Model 1,Model 1,Model 2,Model 1,Model 2,Model 2,Model 1,7,Model 2,Model 1,Model 2,4,Model 1,Model 1,Model 1,Model 1,Model 2,Model 2,3,Model 2,Model 2,Model 1,4,P0307
9/6/2024 11:41:59,Model 2,Model 2,Model 2,Model 2,Model 2,Model 2,Model 1,Model 1,Model 1,7,Model 2,Model 2,Model 2,4,Model 2,Model 1,Model 2,Model 1,Model 2,Model 2,3,Model 2,Model 2,Model 2,2,P0308
9/6/2024 11:42:18,Model 2,Model 2,Model 2,Model 2,Model 1,Model 1,Model 1,Model 2,Model 1,7,Model 2,Model 1,Model 1,2,Model 1,Model 1,Model 1,Model 1,Model 2,Model 1,3,Model 2,Model 2,Model 2,3,P0309
9/6/2024 11:42:22,Model 2,Model 2,Model 2,Model 2,Model 2,Model 2,Model 1,Model 2,Model 1,7,Model 2,Model 1,Model 1,5,Model 1,Model 2,Model 1,Model 1,Model 2,Model 2,3,Model 1,Model 2,Model 1,5,P0310
9/6/2024 11:42:25,Model 2,Model 2,Model 2,Model 2,Model 1,Model 2,Model 2,Model 1,Model 2,7,Model 2,Model 1,Model 2,4,Model 2,Model 1,Model 2,Model 2,Model 2,Model 1,3,Model 2,Model 2,Model 1,3,P0311
9/6/2024 11:42:30,Model 2,Model 2,Model 2,Model 2,Model 2,Model 1,Model 1,Model 2,Model 1,7,Model 2,Model 1,Model 1,2,Model 2,Model 1,Model 1,Model 1,Model 1,Model 2,3,Model 1,Model 1,Model 1,2,P0312
9/6/2024 11:42:31,Model 2,Model 2,Model 2,Model 1,Model 2,Model 2,Model 1,Model 2,Model 1,7,Model 2,Model 1,Model 1,3,Model 1,Model 1,Model 1,Model 1,Model 2,Model 2,3,Model 2,Model 1,Model 2,2,P0313
9/6/2024 11:42:31,Model 2,Model 2,Model 2,Model 2,Model 2,Model 2,Model 2,Model 2,Model 2,7,Model 2,Model 1,Model 2,2,Model 2,Model 2,Model 1,Model 2,Model 2,Model 2,3,Model 2,Model 2,Model 1,3,P0314
9/6/2024 11:42:36,Model 1,Model 1,Model 1,Model 1,Model 1,Model 1,Model 2,Model 1,Model 1,7,Model 1,Model 2,Model 1,4,Model 1,Model 1,Model 1,Model 1,Model 1,Model 2,3,Model 1,Model 1,Model 1,5,P0315
9/6/2024 11:42:36,Model 1,Model 1,Model 1,Model 2,Model 2,Model 2,Model 2,Model 1,Model 1,7,Model 2,Model 2,Model 2,2,Model 2,Model 2,Model 2,Model 2,Model 1,Model 1,3,Model 2,Model 1,Model 2,2,P0316
9/6/2024 11:42:38,Model 2,Model 1,Model 2,Model 2,Model 2,Model 2,Model 2,Model 2,Model 1,7,Model 2,Model 1,Model 1,2,Model 1,Model 2,Model 1,Model 1,Model 2,Model 2,3,Model 2,Model 1,Model 1,3,P0317
9/6/2024 11:42:52,Model 2,Model 2,Model 2,Model 2,Model 2,Model 2,Model 2,Model 2,Model 1,7,Model 2,Model 2,Model 1,2,Model 1,Model 1,Model 2,Model 2,Model 2,Model 2,3,Model 2,Model 2,Model 2,3,P0318
9/6/2024 11:43:00,Model 2,Model 1,Model 2,Model 1,Model 2,Model 2,Model 2,Model 2,Model 1,7,Model 2,Model 1,Model 2,4,Model 1,Model 1,Model 1,Model 1,Model 2,Model 2,3,Model 2,Model 1,Model 2,5,P0319
9/6/2024 11:43:23,Model 2,Model 1,Model 2,Model 1,Model 2,Model 2,Model 2,Model 2,Model 2,7,Model 2,Model 2,Model 1,2,Model 2,Model 2,Model 1,Model 1,Model 2,Model 2,3,Model 2,Model 1,Model 2,3,P0320
9/6/2024 11:43:25,Model 2,Model 2,Model 1,Model 2,Model 1,Model 2,Model 1,Model 1,Model 1,7,Model 2,Model 1,Model 1,3,Model 1,Model 1,Model 1,Model 1,Model 2,Model 2,3,Model 2,Model 1,Model 2,3,P0321
9/6/2024 11:43:37,Model 2,Model 2,Model 1,Model 2,Model 1,Model 2,Model 1,Model 2,Model 1,7,Model 2,Model 1,Model 2,4,Model 2,Model 1,Model 1,Model 1,Model 2,Model 2,3,Model 2,Model 2,Model 1,4,P0322
9/6/2024 11:43:39,Model 2,Model 2,Model 2,Model 1,Model 1,Model 2,Model 1,Model 1,Model 1,7,Model 2,Model 1,Model 2,2,Model 1,Model 2,Model 1,Model 1,Model 2,Model 1,3,Model 2,Model 1,Model 1,2,P0323
9/6/2024 11:43:40,Model 2,Model 2,Model 2,Model 2,Model 2,Model 2,Model 2,Model 2,Model 2,7,Model 2,Model 1,Model 2,4,Model 2,Model 2,Model 2,Model 1,Model 2,Model 2,3,Model 2,Model 2,Model 2,4,P0324
9/6/2024 11:43:40,Model 2,Model 1,Model 1,Model 1,Model 1,Model 2,Model 1,Model 1,Model 1,7,Model 1,Model 1,Model 1,2,Model 1,Model 1,Model 1,Model 2,Model 2,Model 2,3,Model 1,Model 2,Model 2,2,P0325
9/6/2024 11:43:51,Model 1,Model 2,Model 1,Model 2,Model 2,Model 2,Model 1,Model 1,Model 1,7,Model 2,Model 2,Model 2,3,Model 1,Model 1,Model 1,Model 1,Model 1,Model 1,3,Model 1,Model 1,Model 1,2,P0326
9/6/2024 11:43:58,Model 2,Model 1,Model 1,Model 2,Model 2,Model 1,Model 2,Model 2,Model 2,7,Model 2,Model 1,Model 1,4,Model 1,Model 2,Model 1,Model 2,Model 2,Model 2,3,Model 2,Model 2,Model 1,4,P0327
9/6/2024 11:43:58,Model 1,Model 2,Model 2,Model 1,Model 2,Model 2,Model 2,Model 2,Model 2,7,Model 1,Model 1,Model 2,2,Model 1,Model 1,Model 1,Model 2,Model 1,Model 2,3,Model 2,Model 2,Model 2,3,P0328
9/6/2024 11:43:59,Model 2,Model 1,Model 1,Model 1,Model 1,Model 2,Model 2,Model 2,Model 1,7,Model 2,Model 1,Model 1,3,Model 1,Model 1,Model 1,Model 2,Model 2,Model 2,3,Model 2,Model 2,Model 1,2,P0329
9/6/2024 11:44:00,Model 1,Model 1,Model 1,Model 2,Model 2,Model 2,Model 1,Model 2,Model 1,7,Model 2,Model 1,Model 2,4,Model 2,Model 1,Model 1,Model 1,Model 1,Model 1,3,Model 1,Model 1,Model 1,4,P0330
9/6/2024 11:44:04,Model 1,Model 1,Model 1,Model 2,Model 1,Model 2,Model 1,Model 2,Model 1,7,Model 2,Model 1,Model 1,4,Model 2,Model 1,Model 1,Model 1,Model 1,Model 1,3,Model 1,Model 1,Model 1,4,P0294
9/6/2024 11:44:05,Model 2,Model 2,Model 2,Model 1,Model 2,Model 2,Model 2,Model 1,Model 1,7,Model 2,Model 2,Model 2,3,Model 1,Model 1,Model 1,Model 1,Model 2,Model 2,3,Model 2,Model 1,Model 2,4,P0331
9/6/2024 11:44:09,Model 2,Model 2,Model 2,Model 2,Model 2,Model 2,Model 2,Model 2,Model 2,7,Model 2,Model 2,Model 1,3,Model 1,Model 2,Model 1,Model 1,Model 2,Model 2,3,Model 2,Model 2,Model 2,3,P0332
9/6/2024 11:44:19,Model 2,Model 2,Model 2,Model 1,Model 2,Model 1,Model 1,Model 2,Model 1,7,Model 2,Model 1,Model 2,4,Model 2,Model 2,Model 2,Model 1,Model 2,Model 2,3,Model 2,Model 2,Model 1,4,P0333
9/6/2024 11:44:21,Model 2,Model 2,Model 2,Model 2,Model 1,Model 1,Model 2,Model 2,Model 2,7,Model 2,Model 1,Model 1,3,Model 1,Model 2,Model 2,Model 2,Model 2,Model 2,3,Model 2,Model 2,Model 2,3,P0334
9/6/2024 11:44:23,Model 2,Model 2,Model 1,Model 1,Model 1,Model 2,Model 1,Model 2,Model 1,7,Model 1,Model 1,Model 1,3,Model 1,Model 2,Model 1,Model 1,Model 2,Model 2,3,Model 1,Model 1,Model 1,2,P0335
9/6/2024 11:44:24,Model 2,Model 2,Model 2,Model 2,Model 2,Model 2,Model 2,Model 2,Model 2,7,Model 2,Model 2,Model 2,2,Model 2,Model 2,Model 2,Model 2,Model 2,Model 2,3,Model 1,Model 1,Model 1,2,P0336
9/6/2024 11:44:25,Model 1,Model 2,Model 2,Model 1,Model 1,Model 1,Model 2,Model 2,Model 1,7,Model 1,Model 1,Model 2,3,Model 1,Model 2,Model 1,Model 2,Model 2,Model 2,3,Model 2,Model 2,Model 2,2,P0337
9/6/2024 11:44:26,Model 2,Model 2,Model 2,Model 2,Model 2,Model 2,Model 1,Model 1,Model 1,7,Model 2,Model 1,Model 2,2,Model 2,Model 2,Model 1,Model 1,Model 2,Model 2,3,Model 1,Model 1,Model 1,2,P0338
9/6/2024 11:44:33,Model 2,Model 2,Model 2,Model 2,Model 2,Model 2,Model 2,Model 1,Model 2,7,Model 2,Model 2,Model 2,2,Model 2,Model 2,Model 2,Model 1,Model 2,Model 2,3,Model 2,Model 1,Model 1,3,P0339
9/6/2024 11:44:36,Model 1,Model 1,Model 1,Model 1,Model 2,Model 1,Model 1,Model 2,Model 1,7,Model 1,Model 2,Model 2,4,Model 2,Model 1,Model 1,Model 1,Model 1,Model 2,3,Model 2,Model 2,Model 2,4,P0340
9/6/2024 11:44:39,Model 2,Model 1,Model 2,Model 1,Model 2,Model 2,Model 2,Model 1,Model 1,7,Model 2,Model 2,Model 2,4,Model 1,Model 1,Model 1,Model 1,Model 2,Model 2,3,Model 2,Model 2,Model 2,4,P0341
9/6/2024 11:44:44,Model 2,Model 2,Model 2,Model 1,Model 2,Model 2,Model 1,Model 1,Model 1,7,Model 1,Model 2,Model 2,5,Model 1,Model 1,Model 1,Model 1,Model 2,Model 1,3,Model 2,Model 2,Model 2,4,P0342
9/6/2024 11:44:47,Model 2,Model 2,Model 2,Model 1,Model 2,Model 2,Model 2,Model 2,Model 1,7,Model 1,Model 1,Model 2,3,Model 1,Model 1,Model 1,Model 1,Model 1,Model 2,3,Model 1,Model 1,Model 1,3,P0343
9/6/2024 11:44:51,Model 2,Model 1,Model 1,Model 1,Model 1,Model 1,Model 1,Model 1,Model 1,7,Model 2,Model 1,Model 1,2,Model 1,Model 1,Model 1,Model 1,Model 2,Model 2,3,Model 1,Model 1,Model 2,2,P0344
9/6/2024 11:44:55,Model 2,Model 2,Model 2,Model 2,Model 2,Model 1,Model 2,Model 2,Model 1,7,Model 2,Model 1,Model 2,4,Model 2,Model 2,Model 1,Model 1,Model 2,Model 2,3,Model 2,Model 1,Model 1,4,P0345
9/6/2024 11:45:03,Model 1,Model 2,Model 1,Model 2,Model 2,Model 2,Model 2,Model 1,Model 1,7,Model 2,Model 1,Model 1,4,Model 1,Model 1,Model 2,Model 1,Model 2,Model 2,3,Model 2,Model 1,Model 1,4,P0346
9/6/2024 11:45:03,Model 1,Model 2,Model 2,Model 2,Model 2,Model 2,Model 1,Model 2,Model 1,7,Model 1,Model 1,Model 2,4,Model 2,Model 2,Model 1,Model 2,Model 2,Model 2,3,Model 1,Model 1,Model 2,5,P0347
9/6/2024 11:45:05,Model 2,Model 2,Model 2,Model 1,Model 2,Model 1,Model 1,Model 2,Model 2,7,Model 1,Model 1,Model 2,4,Model 1,Model 1,Model 1,Model 2,Model 1,Model 2,3,Model 1,Model 1,Model 1,3,P0348
9/6/2024 11:45:10,Model 2,Model 2,Model 2,Model 1,Model 2,Model 1,Model 2,Model 2,Model 1,7,Model 1,Model 1,Model 2,3,Model 1,Model 2,Model 1,Model 1,Model 2,Model 2,3,Model 2,Model 2,Model 2,3,P0349
9/6/2024 11:45:25,Model 2,Model 2,Model 2,Model 2,Model 2,Model 2,Model 2,Model 2,Model 2,7,Model 2,Model 1,Model 1,3,Model 2,Model 1,Model 2,Model 2,Model 2,Model 2,3,Model 2,Model 1,Model 1,4,P0350
9/6/2024 11:45:46,Model 1,Model 2,Model 2,Model 2,Model 2,Model 2,Model 2,Model 2,Model 2,7,Model 2,Model 2,Model 1,4,Model 1,Model 2,Model 1,Model 2,Model 2,Model 2,3,Model 1,Model 1,Model 1,4,P0351
9/6/2024 11:45:47,Model 1,Model 2,Model 1,Model 2,Model 2,Model 1,Model 2,Model 1,Model 1,7,Model 1,Model 1,Model 1,2,Model 1,Model 2,Model 2,Model 1,Model 2,Model 2,3,Model 2,Model 2,Model 1,2,P0352
9/6/2024 11:45:50,Model 2,Model 2,Model 2,Model 1,Model 2,Model 1,Model 1,Model 2,Model 1,7,Model 2,Model 2,Model 2,3,Model 2,Model 2,Model 1,Model 1,Model 2,Model 2,3,Model 2,Model 1,Model 2,3,P0353
9/6/2024 11:46:03,Model 1,Model 1,Model 1,Model 1,Model 2,Model 1,Model 2,Model 2,Model 2,7,Model 2,Model 2,Model 1,4,Model 1,Model 2,Model 2,Model 1,Model 2,Model 1,3,Model 2,Model 1,Model 2,4,P0354
9/6/2024 11:46:05,Model 2,Model 2,Model 1,Model 2,Model 2,Model 2,Model 2,Model 2,Model 2,7,Model 2,Model 1,Model 1,2,Model 1,Model 2,Model 2,Model 1,Model 1,Model 2,3,Model 2,Model 2,Model 2,2,P0355
9/6/2024 11:46:13,Model 2,Model 2,Model 2,Model 2,Model 2,Model 1,Model 2,Model 1,Model 2,7,Model 1,Model 1,Model 1,2,Model 1,Model 2,Model 1,Model 1,Model 2,Model 2,3,Model 2,Model 1,Model 1,2,P0356
9/6/2024 11:46:14,Model 1,Model 2,Model 2,Model 2,Model 2,Model 2,Model 2,Model 2,Model 1,7,Model 1,Model 1,Model 1,2,Model 1,Model 2,Model 2,Model 2,Model 2,Model 2,3,Model 1,Model 1,Model 1,2,P0357
9/6/2024 11:46:26,Model 1,Model 2,Model 1,Model 2,Model 2,Model 2,Model 1,Model 2,Model 1,7,Model 2,Model 1,Model 2,5,Model 1,Model 2,Model 1,Model 1,Model 2,Model 2,3,Model 1,Model 2,Model 1,4,P0358
9/6/2024 11:46:26,Model 1,Model 2,Model 2,Model 1,Model 1,Model 2,Model 2,Model 2,Model 1,7,Model 2,Model 1,Model 2,3,Model 2,Model 2,Model 1,Model 1,Model 1,Model 1,3,Model 1,Model 1,Model 1,3,P0359
9/6/2024 11:46:27,Model 1,Model 1,Model 1,Model 2,Model 1,Model 2,Model 1,Model 1,Model 1,7,Model 2,Model 1,Model 1,4,Model 2,Model 1,Model 1,Model 1,Model 1,Model 1,3,Model 1,Model 1,Model 1,4,P0294
9/6/2024 11:46:38,Model 1,Model 1,Model 1,Model 2,Model 1,Model 2,Model 2,Model 1,Model 1,7,Model 2,Model 1,Model 1,3,Model 2,Model 2,Model 2,Model 1,Model 2,Model 2,3,Model 2,Model 2,Model 2,2,P0360
9/6/2024 11:46:41,Model 1,Model 1,Model 1,Model 1,Model 2,Model 1,Model 1,Model 2,Model 1,7,Model 1,Model 1,Model 2,4,Model 1,Model 1,Model 1,Model 1,Model 1,Model 1,3,Model 1,Model 1,Model 1,5,P0361
9/6/2024 11:46:47,Model 2,Model 2,Model 1,Model 2,Model 2,Model 2,Model 1,Model 2,Model 1,7,Model 2,Model 1,Model 1,4,Model 1,Model 1,Model 1,Model 1,Model 2,Model 2,3,Model 2,Model 2,Model 2,2,P0362
9/6/2024 11:46:58,Model 2,Model 2,Model 1,Model 2,Model 2,Model 2,Model 1,Model 1,Model 1,7,Model 2,Model 1,Model 1,2,Model 2,Model 2,Model 2,Model 2,Model 2,Model 2,3,Model 2,Model 2,Model 1,2,P0363
9/6/2024 11:47:03,Model 2,Model 2,Model 2,Model 2,Model 2,Model 2,Model 2,Model 2,Model 2,7,Model 2,Model 1,Model 2,2,Model 1,Model 2,Model 2,Model 1,Model 2,Model 2,3,Model 1,Model 2,Model 2,2,P0364
9/6/2024 11:47:05,Model 1,Model 2,Model 1,Model 2,Model 1,Model 2,Model 1,Model 2,Model 1,7,Model 1,Model 2,Model 2,5,Model 2,Model 2,Model 1,Model 2,Model 2,Model 2,3,Model 2,Model 2,Model 1,5,P0365
9/6/2024 11:47:13,Model 2,Model 2,Model 2,Model 2,Model 2,Model 2,Model 1,Model 1,Model 2,7,Model 2,Model 1,Model 1,2,Model 1,Model 2,Model 1,Model 2,Model 2,Model 2,3,Model 2,Model 1,Model 1,2,P0366
9/6/2024 11:47:20,Model 2,Model 2,Model 2,Model 2,Model 2,Model 2,Model 2,Model 2,Model 1,7,Model 2,Model 1,Model 2,2,Model 1,Model 2,Model 1,Model 1,Model 2,Model 2,3,Model 1,Model 1,Model 1,2,P0367
9/6/2024 11:47:24,Model 2,Model 1,Model 2,Model 1,Model 1,Model 1,Model 2,Model 2,Model 1,7,Model 2,Model 1,Model 2,3,Model 1,Model 1,Model 1,Model 1,Model 2,Model 2,3,Model 1,Model 1,Model 2,3,P0368
9/6/2024 11:47:30,Model 1,Model 1,Model 2,Model 2,Model 1,Model 2,Model 2,Model 1,Model 2,7,Model 2,Model 1,Model 1,1,Model 1,Model 2,Model 2,Model 1,Model 1,Model 1,3,Model 2,Model 1,Model 2,2,P0369
9/6/2024 11:47:33,Model 2,Model 2,Model 2,Model 2,Model 2,Model 2,Model 2,Model 2,Model 1,7,Model 2,Model 1,Model 1,2,Model 1,Model 2,Model 1,Model 2,Model 2,Model 2,3,Model 1,Model 2,Model 2,3,P0370
9/6/2024 11:47:50,Model 1,Model 2,Model 2,Model 1,Model 1,Model 1,Model 1,Model 2,Model 1,7,Model 1,Model 2,Model 2,3,Model 1,Model 1,Model 1,Model 1,Model 2,Model 1,3,Model 2,Model 1,Model 2,4,P0371
9/6/2024 11:47:53,Model 2,Model 1,Model 2,Model 1,Model 1,Model 2,Model 1,Model 1,Model 1,7,Model 2,Model 1,Model 1,4,Model 1,Model 2,Model 1,Model 2,Model 1,Model 2,3,Model 2,Model 2,Model 2,5,P0372
9/6/2024 11:47:53,Model 1,Model 1,Model 1,Model 1,Model 2,Model 1,Model 1,Model 1,Model 1,7,Model 1,Model 1,Model 1,4,Model 1,Model 2,Model 1,Model 1,Model 1,Model 2,3,Model 2,Model 2,Model 1,4,P0373
9/6/2024 11:47:54,Model 1,Model 2,Model 1,Model 1,Model 1,Model 1,Model 1,Model 1,Model 1,7,Model 1,Model 2,Model 1,4,Model 1,Model 1,Model 2,Model 2,Model 1,Model 1,3,Model 2,Model 2,Model 2,5,P0374
9/6/2024 11:48:06,Model 1,Model 1,Model 1,Model 2,Model 2,Model 1,Model 1,Model 1,Model 1,7,Model 1,Model 1,Model 2,3,Model 1,Model 1,Model 1,Model 1,Model 1,Model 1,3,Model 2,Model 1,Model 2,3,P0375
9/6/2024 11:48:06,Model 2,Model 1,Model 2,Model 1,Model 1,Model 1,Model 2,Model 1,Model 2,7,Model 1,Model 1,Model 1,4,Model 1,Model 2,Model 1,Model 1,Model 1,Model 1,3,Model 1,Model 1,Model 2,4,P0376
9/6/2024 11:48:06,Model 2,Model 2,Model 2,Model 2,Model 2,Model 2,Model 2,Model 2,Model 2,7,Model 2,Model 2,Model 2,2,Model 1,Model 1,Model 1,Model 1,Model 2,Model 2,3,Model 1,Model 2,Model 2,4,P0377
9/6/2024 11:48:13,Model 2,Model 2,Model 1,Model 1,Model 2,Model 2,Model 2,Model 1,Model 1,7,Model 1,Model 2,Model 1,2,Model 1,Model 1,Model 1,Model 1,Model 1,Model 1,3,Model 1,Model 1,Model 1,3,P0378
9/6/2024 11:48:20,Model 2,Model 1,Model 1,Model 1,Model 1,Model 2,Model 2,Model 1,Model 1,7,Model 2,Model 2,Model 1,4,Model 1,Model 2,Model 1,Model 2,Model 2,Model 2,3,Model 2,Model 1,Model 2,4,P0379
9/6/2024 11:48:20,Model 2,Model 2,Model 1,Model 1,Model 2,Model 2,Model 2,Model 2,Model 2,7,Model 2,Model 2,Model 2,4,Model 1,Model 1,Model 1,Model 1,Model 2,Model 2,3,Model 2,Model 1,Model 1,4,P0380
9/6/2024 11:48:25,Model 2,Model 2,Model 1,Model 1,Model 1,Model 2,Model 1,Model 2,Model 1,7,Model 1,Model 1,Model 1,2,Model 1,Model 1,Model 2,Model 1,Model 1,Model 2,3,Model 2,Model 2,Model 2,1,P0381
9/6/2024 11:48:27,Model 1,Model 2,Model 2,Model 2,Model 2,Model 2,Model 2,Model 2,Model 2,7,Model 1,Model 1,Model 1,3,Model 2,Model 2,Model 1,Model 2,Model 2,Model 2,3,Model 1,Model 1,Model 1,3,P0382
9/6/2024 11:48:31,Model 2,Model 2,Model 2,Model 2,Model 1,Model 2,Model 2,Model 2,Model 2,7,Model 2,Model 1,Model 1,4,Model 1,Model 2,Model 2,Model 1,Model 2,Model 2,3,Model 2,Model 1,Model 1,2,P0383
9/6/2024 11:48:34,Model 2,Model 2,Model 2,Model 2,Model 2,Model 2,Model 1,Model 2,Model 2,7,Model 2,Model 2,Model 2,5,Model 1,Model 2,Model 2,Model 1,Model 2,Model 2,3,Model 1,Model 1,Model 1,4,P0384
9/6/2024 11:48:35,Model 2,Model 2,Model 2,Model 2,Model 2,Model 2,Model 2,Model 2,Model 2,7,Model 1,Model 1,Model 2,3,Model 2,Model 1,Model 2,Model 1,Model 2,Model 2,3,Model 2,Model 2,Model 2,2,P0385
9/6/2024 11:48:39,Model 1,Model 2,Model 1,Model 1,Model 1,Model 2,Model 1,Model 2,Model 1,7,Model 1,Model 1,Model 2,2,Model 1,Model 1,Model 1,Model 1,Model 1,Model 1,3,Model 2,Model 2,Model 1,2,P0386
9/6/2024 11:48:47,Model 2,Model 1,Model 2,Model 1,Model 2,Model 2,Model 1,Model 2,Model 1,7,Model 2,Model 2,Model 1,3,Model 1,Model 2,Model 1,Model 1,Model 2,Model 2,3,Model 2,Model 1,Model 2,4,P0387
9/6/2024 11:48:48,Model 2,Model 2,Model 2,Model 2,Model 2,Model 2,Model 2,Model 1,Model 2,7,Model 2,Model 1,Model 2,3,Model 2,Model 2,Model 2,Model 2,Model 2,Model 2,3,Model 1,Model 1,Model 1,4,P0388
9/6/2024 11:48:52,Model 1,Model 2,Model 1,Model 2,Model 1,Model 1,Model 2,Model 2,Model 1,7,Model 2,Model 2,Model 2,4,Model 2,Model 2,Model 1,Model 1,Model 2,Model 2,3,Model 2,Model 2,Model 2,4,P0389
9/6/2024 11:49:07,Model 2,Model 2,Model 2,Model 1,Model 2,Model 2,Model 1,Model 1,Model 2,7,Model 2,Model 1,Model 1,4,Model 1,Model 2,Model 2,Model 2,Model 2,Model 2,3,Model 2,Model 1,Model 2,4,P0390
9/6/2024 11:49:13,Model 2,Model 2,Model 2,Model 2,Model 1,Model 2,Model 2,Model 2,Model 2,7,Model 2,Model 1,Model 2,4,Model 2,Model 1,Model 2,Model 2,Model 2,Model 2,3,Model 1,Model 1,Model 1,3,P0391
9/6/2024 11:49:15,Model 2,Model 2,Model 2,Model 2,Model 2,Model 1,Model 2,Model 2,Model 2,7,Model 2,Model 1,Model 1,2,Model 1,Model 1,Model 2,Model 1,Model 2,Model 1,3,Model 2,Model 2,Model 2,4,P0392
9/6/2024 11:49:27,Model 2,Model 2,Model 2,Model 2,Model 2,Model 1,Model 1,Model 2,Model 2,7,Model 2,Model 1,Model 1,4,Model 1,Model 2,Model 2,Model 2,Model 2,Model 2,3,Model 2,Model 2,Model 1,4,P0393
9/6/2024 11:49:39,Model 2,Model 2,Model 2,Model 2,Model 2,Model 2,Model 2,Model 2,Model 2,7,Model 2,Model 1,Model 1,4,Model 1,Model 2,Model 1,Model 2,Model 2,Model 2,3,Model 2,Model 1,Model 1,3,P0394
9/6/2024 11:49:42,Model 2,Model 2,Model 2,Model 1,Model 1,Model 2,Model 1,Model 2,Model 1,7,Model 2,Model 1,Model 2,2,Model 1,Model 1,Model 1,Model 2,Model 1,Model 2,3,Model 1,Model 2,Model 1,3,P0395
9/6/2024 11:49:51,Model 2,Model 2,Model 2,Model 2,Model 2,Model 1,Model 2,Model 1,Model 2,7,Model 2,Model 1,Model 2,4,Model 2,Model 1,Model 2,Model 2,Model 2,Model 2,3,Model 2,Model 2,Model 2,4,P0396
9/6/2024 11:49:54,Model 1,Model 2,Model 2,Model 1,Model 2,Model 1,Model 1,Model 2,Model 1,7,Model 1,Model 1,Model 2,4,Model 1,Model 1,Model 1,Model 1,Model 1,Model 2,3,Model 2,Model 2,Model 1,4,P0397
9/6/2024 11:49:56,Model 2,Model 1,Model 2,Model 1,Model 2,Model 1,Model 1,Model 2,Model 1,7,Model 1,Model 2,Model 2,1,Model 2,Model 2,Model 2,Model 1,Model 2,Model 2,3,Model 2,Model 2,Model 1,1,P0398
9/6/2024 11:50:09,Model 1,Model 1,Model 1,Model 1,Model 1,Model 1,Model 1,Model 1,Model 1,7,Model 2,Model 1,Model 2,4,Model 1,Model 2,Model 1,Model 1,Model 1,Model 2,3,Model 2,Model 1,Model 2,5,P0399
9/6/2024 11:50:44,Model 2,Model 2,Model 2,Model 2,Model 2,Model 2,Model 2,Model 2,Model 1,7,Model 2,Model 2,Model 1,2,Model 1,Model 2,Model 2,Model 2,Model 2,Model 2,3,Model 2,Model 2,Model 1,2,P0400
9/6/2024 11:51:16,Model 1,Model 2,Model 2,Model 2,Model 2,Model 1,Model 2,Model 1,Model 1,7,Model 2,Model 1,Model 1,3,Model 2,Model 2,Model 1,Model 1,Model 1,Model 1,3,Model 1,Model 1,Model 1,2,P0401
9/6/2024 11:52:02,Model 1,Model 2,Model 1,Model 1,Model 1,Model 2,Model 1,Model 1,Model 1,7,Model 2,Model 2,Model 2,2,Model 1,Model 2,Model 1,Model 2,Model 2,Model 2,3,Model 1,Model 1,Model 2,2,P0402
9/6/2024 11:52:13,Model 1,Model 1,Model 1,Model 2,Model 1,Model 2,Model 1,Model 1,Model 1,7,Model 2,Model 1,Model 1,4,Model 1,Model 1,Model 1,Model 1,Model 1,Model 1,3,Model 1,Model 1,Model 1,4,P0294
9/6/2024 11:53:18,Model 2,Model 1,Model 1,Model 2,Model 2,Model 2,Model 2,Model 1,Model 2,7,Model 2,Model 1,Model 1,3,Model 1,Model 2,Model 1,Model 1,Model 2,Model 2,3,Model 2,Model 1,Model 1,3,P0403
9/6/2024 11:53:26,Model 1,Model 2,Model 2,Model 2,Model 2,Model 1,Model 1,Model 2,Model 1,7,Model 2,Model 1,Model 1,3,Model 1,Model 1,Model 1,Model 2,Model 2,Model 2,3,Model 2,Model 2,Model 2,2,P0404
9/6/2024 11:53:33,Model 1,Model 1,Model 1,Model 2,Model 2,Model 1,Model 2,Model 2,Model 1,7,Model 2,Model 2,Model 1,4,Model 1,Model 1,Model 1,Model 2,Model 1,Model 1,3,Model 2,Model 1,Model 1,3,P0405
9/6/2024 11:53:45,Model 1,Model 1,Model 1,Model 2,Model 2,Model 2,Model 1,Model 1,Model 1,7,Model 1,Model 1,Model 2,4,Model 1,Model 1,Model 1,Model 1,Model 1,Model 2,3,Model 2,Model 1,Model 1,2,P0406
9/6/2024 11:53:54,Model 2,Model 2,Model 2,Model 2,Model 2,Model 2,Model 2,Model 1,Model 1,7,Model 2,Model 1,Model 1,1,Model 1,Model 1,Model 1,Model 1,Model 2,Model 2,3,Model 2,Model 2,Model 2,1,
9/6/2024 11:54:05,Model 2,Model 2,Model 2,Model 2,Model 2,Model 2,Model 1,Model 1,Model 1,7,Model 2,Model 2,Model 1,2,Model 1,Model 2,Model 1,Model 1,Model 2,Model 2,3,Model 2,Model 2,Model 2,2,P0407
9/6/2024 12:04:47,Model 1,Model 1,Model 1,Model 2,Model 2,Model 1,Model 1,Model 1,Model 1,7,Model 1,Model 2,Model 1,4,Model 1,Model 1,Model 1,Model 1,Model 1,Model 2,3,Model 1,Model 1,Model 1,4,P0408
